#   log(t)      Mwd  log(Teff) log(L/Lo)  U     B      V      R     I      FUV     NUV     G2    BP2    RP2    G3     BP3    RP3 
    5.719812 1.0000000  5.1129  1.4259  7.281  8.635  8.991  9.154  9.364  6.507  7.241  8.917  8.637  9.277  8.925  8.731  9.304
    5.720640 1.0000000  5.1100  1.4128  7.292  8.645  9.001  9.164  9.374  6.519  7.252  8.927  8.647  9.287  8.935  8.741  9.314
    5.721399 1.0000000  5.1073  1.4005  7.302  8.655  9.010  9.173  9.383  6.530  7.262  8.936  8.657  9.296  8.944  8.751  9.323
    5.722133 1.0000000  5.1046  1.3884  7.311  8.664  9.019  9.182  9.392  6.540  7.272  8.946  8.666  9.305  8.953  8.760  9.332
    5.722861 1.0000000  5.1019  1.3765  7.320  8.673  9.028  9.191  9.400  6.551  7.282  8.955  8.675  9.313  8.962  8.769  9.341
    5.723594 1.0000000  5.0993  1.3647  7.330  8.682  9.037  9.200  9.409  6.561  7.292  8.963  8.684  9.322  8.971  8.778  9.349
    5.724338 1.0000000  5.0967  1.3529  7.339  8.691  9.046  9.208  9.418  6.571  7.301  8.972  8.693  9.331  8.980  8.787  9.358
    5.725096 1.0000000  5.0941  1.3412  7.348  8.700  9.054  9.217  9.426  6.581  7.311  8.981  8.702  9.339  8.989  8.795  9.366
    5.725873 1.0000000  5.0915  1.3296  7.357  8.709  9.063  9.225  9.434  6.591  7.320  8.990  8.710  9.348  8.997  8.804  9.375
    5.726670 1.0000000  5.0889  1.3179  7.366  8.717  9.071  9.234  9.443  6.602  7.330  8.998  8.719  9.356  9.006  8.813  9.383
    5.727491 1.0000000  5.0863  1.3063  7.375  8.726  9.080  9.242  9.451  6.612  7.339  9.007  8.728  9.365  9.014  8.821  9.392
    5.728336 1.0000000  5.0837  1.2947  7.383  8.734  9.088  9.251  9.459  6.621  7.348  9.015  8.736  9.373  9.023  8.830  9.400
    5.729206 1.0000000  5.0811  1.2831  7.392  8.743  9.096  9.259  9.467  6.632  7.358  9.024  8.745  9.381  9.031  8.838  9.408
    5.730107 1.0000000  5.0785  1.2715  7.401  8.752  9.105  9.267  9.475  6.641  7.367  9.033  8.754  9.389  9.040  8.847  9.416
    5.731036 1.0000000  5.0759  1.2599  7.410  8.760  9.113  9.276  9.484  6.651  7.377  9.041  8.762  9.398  9.048  8.855  9.425
    5.731997 1.0000000  5.0733  1.2483  7.419  8.769  9.122  9.284  9.492  6.661  7.386  9.050  8.771  9.406  9.057  8.864  9.433
    5.732991 1.0000000  5.0708  1.2367  7.428  8.778  9.130  9.293  9.500  6.671  7.395  9.058  8.780  9.414  9.065  8.872  9.442
    5.734017 1.0000000  5.0682  1.2252  7.436  8.786  9.138  9.301  9.508  6.681  7.405  9.066  8.788  9.422  9.073  8.881  9.450
    5.735078 1.0000000  5.0656  1.2136  7.445  8.795  9.147  9.309  9.517  6.691  7.414  9.075  8.797  9.431  9.082  8.889  9.458
    5.736175 1.0000000  5.0629  1.2019  7.454  8.803  9.155  9.317  9.525  6.701  7.423  9.083  8.805  9.439  9.090  8.898  9.466
    5.737304 1.0000000  5.0603  1.1904  7.463  8.812  9.163  9.325  9.533  6.711  7.432  9.091  8.814  9.447  9.099  8.906  9.474
    5.738470 1.0000000  5.0578  1.1788  7.472  8.820  9.172  9.334  9.541  6.721  7.442  9.100  8.822  9.455  9.107  8.915  9.483
    5.739675 1.0000000  5.0552  1.1672  7.480  8.829  9.180  9.342  9.549  6.730  7.451  9.108  8.831  9.464  9.115  8.923  9.491
    5.740920 1.0000000  5.0525  1.1556  7.489  8.837  9.188  9.350  9.558  6.740  7.460  9.116  8.839  9.472  9.124  8.932  9.499
    5.742204 1.0000000  5.0499  1.1440  7.498  8.846  9.197  9.358  9.566  6.750  7.470  9.125  8.848  9.480  9.132  8.940  9.507
    5.743530 1.0000000  5.0473  1.1324  7.507  8.854  9.205  9.366  9.574  6.760  7.479  9.133  8.856  9.488  9.141  8.949  9.516
    5.744898 1.0000000  5.0447  1.1208  7.515  8.863  9.213  9.374  9.582  6.769  7.488  9.141  8.865  9.496  9.149  8.957  9.524
    5.746303 1.0000000  5.0421  1.1092  7.524  8.871  9.221  9.382  9.590  6.779  7.497  9.149  8.873  9.504  9.157  8.965  9.532
    5.747749 1.0000000  5.0395  1.0976  7.533  8.879  9.229  9.390  9.598  6.789  7.506  9.157  8.882  9.512  9.165  8.974  9.540
    5.749241 1.0000000  5.0369  1.0860  7.542  8.888  9.238  9.398  9.606  6.799  7.516  9.166  8.890  9.520  9.174  8.982  9.548
    5.750777 1.0000000  5.0342  1.0743  7.550  8.896  9.246  9.407  9.614  6.809  7.525  9.174  8.898  9.528  9.182  8.990  9.556
    5.752351 1.0000000  5.0316  1.0627  7.559  8.905  9.254  9.415  9.622  6.818  7.534  9.182  8.907  9.536  9.190  8.999  9.564
    5.753974 1.0000000  5.0290  1.0510  7.568  8.913  9.262  9.423  9.630  6.828  7.543  9.191  8.915  9.544  9.199  9.007  9.573
    5.755640 1.0000000  5.0263  1.0393  7.576  8.922  9.270  9.431  9.638  6.838  7.552  9.199  8.923  9.552  9.207  9.015  9.580
    5.757338 1.0000000  5.0236  1.0277  7.585  8.930  9.278  9.439  9.646  6.847  7.561  9.207  8.931  9.560  9.215  9.023  9.588
    5.759081 1.0000000  5.0210  1.0160  7.593  8.938  9.286  9.447  9.654  6.857  7.570  9.215  8.940  9.568  9.223  9.032  9.596
    5.760871 1.0000000  5.0184  1.0044  7.602  8.946  9.294  9.455  9.662  6.867  7.579  9.223  8.948  9.576  9.231  9.040  9.604
    5.762706 1.0000000  5.0157  0.9926  7.610  8.955  9.303  9.463  9.670  6.877  7.589  9.231  8.956  9.584  9.240  9.048  9.612
    5.764576 1.0000000  5.0131  0.9810  7.619  8.963  9.311  9.471  9.678  6.886  7.598  9.240  8.964  9.592  9.248  9.056  9.620
    5.766502 1.0000000  5.0104  0.9693  7.628  8.971  9.319  9.479  9.686  6.896  7.607  9.248  8.973  9.600  9.256  9.065  9.628
    5.768466 1.0000000  5.0077  0.9576  7.636  8.979  9.326  9.487  9.694  6.906  7.616  9.256  8.981  9.608  9.264  9.073  9.636
    5.770466 1.0000000  5.0051  0.9460  7.644  8.988  9.334  9.495  9.701  6.915  7.624  9.264  8.989  9.615  9.272  9.081  9.643
    5.772520 1.0000000  5.0024  0.9343  7.653  8.996  9.342  9.503  9.709  6.925  7.633  9.272  8.997  9.623  9.280  9.089  9.651
    5.774622 1.0000000  4.9997  0.9226  7.661  9.004  9.350  9.511  9.717  6.935  7.642  9.280  9.005  9.631  9.288  9.097  9.659
    5.776761 1.0000000  4.9971  0.9109  7.670  9.012  9.358  9.519  9.725  6.944  7.652  9.288  9.013  9.639  9.296  9.105  9.667
    5.778951 1.0000000  4.9944  0.8991  7.678  9.021  9.366  9.527  9.733  6.954  7.661  9.296  9.021  9.647  9.304  9.113  9.675
    5.781168 1.0000000  4.9917  0.8875  7.687  9.029  9.374  9.535  9.740  6.963  7.669  9.304  9.029  9.654  9.312  9.121  9.682
    5.783439 1.0000000  4.9891  0.8757  7.695  9.037  9.382  9.543  9.748  6.973  7.679  9.312  9.038  9.662  9.320  9.130  9.690
    5.785756 1.0000000  4.9864  0.8640  7.704  9.045  9.390  9.550  9.756  6.983  7.688  9.320  9.046  9.670  9.328  9.138  9.698
    5.788106 1.0000000  4.9837  0.8523  7.712  9.053  9.397  9.558  9.764  6.993  7.697  9.328  9.054  9.678  9.336  9.146  9.706
    5.790512 1.0000000  4.9810  0.8405  7.720  9.061  9.405  9.566  9.771  7.002  7.706  9.336  9.062  9.685  9.344  9.154  9.713
    5.792938 1.0000000  4.9783  0.8288  7.729  9.069  9.413  9.574  9.779  7.012  7.715  9.344  9.070  9.693  9.352  9.162  9.721
    5.795414 1.0000000  4.9756  0.8171  7.737  9.078  9.421  9.581  9.786  7.021  7.724  9.352  9.078  9.701  9.360  9.170  9.729
    5.797935 1.0000000  4.9729  0.8053  7.746  9.086  9.428  9.589  9.794  7.031  7.733  9.360  9.086  9.709  9.368  9.178  9.737
    5.800487 1.0000000  4.9703  0.7936  7.754  9.094  9.436  9.597  9.802  7.041  7.742  9.367  9.094  9.716  9.375  9.186  9.744
    5.803089 1.0000000  4.9675  0.7818  7.762  9.102  9.444  9.604  9.809  7.050  7.751  9.375  9.102  9.724  9.383  9.194  9.752
    5.805713 1.0000000  4.9649  0.7701  7.771  9.110  9.452  9.612  9.817  7.060  7.759  9.383  9.110  9.732  9.391  9.202  9.760
    5.808393 1.0000000  4.9622  0.7583  7.779  9.118  9.459  9.620  9.825  7.070  7.769  9.391  9.118  9.739  9.399  9.210  9.767
    5.811115 1.0000000  4.9594  0.7465  7.788  9.126  9.467  9.627  9.832  7.079  7.777  9.399  9.125  9.747  9.407  9.217  9.775
    5.813860 1.0000000  4.9568  0.7348  7.796  9.134  9.475  9.635  9.840  7.089  7.786  9.406  9.133  9.754  9.414  9.225  9.783
    5.816654 1.0000000  4.9540  0.7230  7.804  9.142  9.482  9.642  9.847  7.098  7.795  9.414  9.141  9.762  9.422  9.233  9.790
    5.819471 1.0000000  4.9513  0.7113  7.812  9.150  9.490  9.650  9.855  7.108  7.804  9.422  9.149  9.770  9.430  9.241  9.798
    5.822343 1.0000000  4.9486  0.6995  7.821  9.158  9.498  9.657  9.862  7.118  7.813  9.430  9.157  9.777  9.438  9.249  9.805
    5.825256 1.0000000  4.9459  0.6877  7.829  9.166  9.505  9.665  9.869  7.127  7.822  9.437  9.165  9.785  9.445  9.257  9.812
    5.828185 1.0000000  4.9432  0.6760  7.837  9.174  9.513  9.672  9.877  7.136  7.830  9.445  9.173  9.792  9.453  9.265  9.820
    5.831168 1.0000000  4.9405  0.6641  7.845  9.182  9.520  9.680  9.884  7.146  7.839  9.453  9.181  9.800  9.461  9.273  9.827
    5.834172 1.0000000  4.9378  0.6524  7.853  9.190  9.528  9.687  9.892  7.155  7.848  9.461  9.188  9.807  9.469  9.280  9.835
    5.837230 1.0000000  4.9351  0.6406  7.861  9.198  9.535  9.695  9.899  7.165  7.856  9.468  9.196  9.815  9.476  9.288  9.842
    5.840316 1.0000000  4.9323  0.6289  7.869  9.206  9.543  9.702  9.906  7.174  7.865  9.476  9.204  9.822  9.484  9.296  9.849
    5.843447 1.0000000  4.9296  0.6171  7.877  9.213  9.551  9.709  9.913  7.183  7.873  9.483  9.211  9.829  9.491  9.303  9.856
    5.846606 1.0000000  4.9269  0.6053  7.886  9.221  9.558  9.717  9.921  7.193  7.882  9.491  9.219  9.837  9.499  9.311  9.864
    5.849792 1.0000000  4.9242  0.5935  7.894  9.229  9.566  9.725  9.928  7.202  7.891  9.499  9.227  9.844  9.507  9.319  9.871
    5.853029 1.0000000  4.9214  0.5817  7.902  9.237  9.573  9.732  9.936  7.212  7.900  9.506  9.235  9.852  9.514  9.327  9.879
    5.856293 1.0000000  4.9187  0.5700  7.910  9.245  9.581  9.740  9.943  7.221  7.909  9.514  9.243  9.859  9.522  9.334  9.886
    5.859607 1.0000000  4.9160  0.5582  7.918  9.253  9.588  9.747  9.951  7.231  7.918  9.522  9.251  9.867  9.530  9.342  9.894
    5.862959 1.0000000  4.9133  0.5464  7.926  9.261  9.596  9.755  9.958  7.240  7.926  9.529  9.258  9.874  9.537  9.350  9.901
    5.866341 1.0000000  4.9105  0.5346  7.935  9.268  9.603  9.762  9.965  7.250  7.935  9.537  9.266  9.882  9.545  9.358  9.908
    5.869759 1.0000000  4.9078  0.5229  7.942  9.276  9.611  9.769  9.973  7.259  7.944  9.544  9.274  9.889  9.552  9.365  9.916
    5.873212 1.0000000  4.9051  0.5111  7.951  9.284  9.618  9.777  9.980  7.269  7.953  9.552  9.282  9.896  9.560  9.373  9.923
    5.876708 1.0000000  4.9024  0.4993  7.959  9.292  9.626  9.785  9.988  7.278  7.962  9.560  9.290  9.904  9.568  9.381  9.931
    5.880243 1.0000000  4.8996  0.4876  7.967  9.299  9.633  9.792  9.995  7.288  7.971  9.567  9.297  9.911  9.575  9.388  9.938
    5.883815 1.0000000  4.8969  0.4758  7.975  9.307  9.640  9.799 10.002  7.297  7.980  9.575  9.305  9.918  9.583  9.396  9.945
    5.887425 1.0000000  4.8941  0.4640  7.983  9.315  9.648  9.807 10.009  7.307  7.989  9.582  9.313  9.926  9.590  9.404  9.953
    5.891066 1.0000000  4.8914  0.4522  7.991  9.323  9.655  9.814 10.017  7.316  7.997  9.590  9.321  9.933  9.598  9.411  9.960
    5.894742 1.0000000  4.8887  0.4404  8.000  9.331  9.663  9.822 10.024  7.326  8.006  9.598  9.328  9.940  9.606  9.419  9.968
    5.898458 1.0000000  4.8859  0.4286  8.008  9.339  9.670  9.829 10.031  7.335  8.015  9.605  9.336  9.948  9.613  9.427  9.975
    5.902211 1.0000000  4.8832  0.4169  8.016  9.346  9.677  9.836 10.038  7.345  8.024  9.613  9.343  9.955  9.621  9.434  9.982
    5.906000 1.0000000  4.8805  0.4051  8.024  9.354  9.685  9.844 10.045  7.354  8.033  9.620  9.351  9.962  9.628  9.442  9.990
    5.909832 1.0000000  4.8777  0.3933  8.032  9.362  9.692  9.851 10.052  7.364  8.042  9.628  9.359  9.969  9.636  9.450  9.997
    5.913691 1.0000000  4.8750  0.3815  8.041  9.370  9.699  9.858 10.059  7.374  8.051  9.636  9.367  9.976  9.644  9.458 10.004
    5.917589 1.0000000  4.8722  0.3698  8.049  9.377  9.707  9.866 10.067  7.383  8.059  9.643  9.374  9.984  9.651  9.465 10.012
    5.921536 1.0000000  4.8695  0.3580  8.057  9.385  9.714  9.873 10.074  7.393  8.068  9.650  9.382  9.991  9.658  9.473 10.019
    5.925510 1.0000000  4.8667  0.3462  8.065  9.393  9.722  9.881 10.081  7.402  8.077  9.658  9.390  9.998  9.666  9.480 10.026
    5.929530 1.0000000  4.8640  0.3344  8.073  9.401  9.729  9.888 10.088  7.412  8.086  9.666  9.397 10.006  9.674  9.488 10.034
    5.933576 1.0000000  4.8612  0.3226  8.081  9.408  9.737  9.895 10.096  7.422  8.095  9.673  9.405 10.013  9.681  9.496 10.041
    5.937658 1.0000000  4.8585  0.3109  8.089  9.416  9.744  9.902 10.103  7.431  8.103  9.681  9.412 10.020  9.689  9.503 10.048
    5.941787 1.0000000  4.8557  0.2991  8.098  9.424  9.751  9.910 10.110  7.441  8.112  9.688  9.420 10.028  9.696  9.511 10.055
    5.945949 1.0000000  4.8530  0.2873  8.106  9.432  9.759  9.917 10.117  7.450  8.121  9.696  9.428 10.035  9.704  9.518 10.062
    5.950154 1.0000000  4.8502  0.2755  8.114  9.440  9.766  9.924 10.125  7.460  8.130  9.703  9.436 10.042  9.711  9.526 10.070
    5.954388 1.0000000  4.8474  0.2637  8.122  9.447  9.774  9.932 10.132  7.470  8.138  9.711  9.443 10.050  9.719  9.534 10.077
    5.958660 1.0000000  4.8447  0.2520  8.130  9.455  9.781  9.939 10.139  7.479  8.147  9.718  9.451 10.057  9.726  9.541 10.084
    5.962972 1.0000000  4.8419  0.2402  8.138  9.463  9.788  9.946 10.146  7.489  8.156  9.725  9.458 10.064  9.733  9.548 10.091
    5.967320 1.0000000  4.8391  0.2284  8.146  9.470  9.795  9.953 10.153  7.498  8.164  9.733  9.466 10.071  9.741  9.556 10.098
    5.971699 1.0000000  4.8364  0.2166  8.154  9.478  9.803  9.960 10.160  7.508  8.173  9.740  9.474 10.078  9.748  9.563 10.105
    5.976115 1.0000000  4.8336  0.2048  8.162  9.486  9.810  9.967 10.167  7.517  8.182  9.747  9.481 10.085  9.755  9.571 10.112
    5.980570 1.0000000  4.8308  0.1931  8.170  9.493  9.817  9.974 10.174  7.526  8.190  9.754  9.488 10.092  9.762  9.578 10.119
    5.985070 1.0000000  4.8281  0.1813  8.178  9.501  9.824  9.981 10.181  7.536  8.199  9.762  9.496 10.099  9.770  9.586 10.126
    5.989617 1.0000000  4.8253  0.1696  8.186  9.508  9.831  9.988 10.188  7.545  8.208  9.769  9.503 10.106  9.777  9.593 10.133
    5.994214 1.0000000  4.8225  0.1578  8.194  9.516  9.838  9.995 10.195  7.555  8.216  9.776  9.511 10.113  9.784  9.601 10.140
    5.998846 1.0000000  4.8197  0.1460  8.202  9.523  9.845 10.002 10.202  7.564  8.225  9.784  9.518 10.120  9.792  9.608 10.147
    6.003534 1.0000000  4.8170  0.1343  8.210  9.531  9.852 10.009 10.208  7.574  8.234  9.791  9.526 10.127  9.799  9.616 10.154
    6.008264 1.0000000  4.8142  0.1226  8.218  9.538  9.859 10.016 10.215  7.583  8.242  9.798  9.533 10.134  9.806  9.623 10.161
    6.013054 1.0000000  4.8114  0.1108  8.226  9.546  9.866 10.023 10.222  7.592  8.251  9.805  9.540 10.141  9.813  9.630 10.168
    6.017882 1.0000000  4.8086  0.0990  8.234  9.553  9.873 10.030 10.229  7.602  8.260  9.813  9.548 10.148  9.821  9.638 10.175
    6.022760 1.0000000  4.8059  0.0873  8.242  9.561  9.880 10.037 10.236  7.611  8.268  9.820  9.555 10.155  9.828  9.645 10.182
    6.027692 1.0000000  4.8031  0.0756  8.250  9.568  9.887 10.044 10.243  7.621  8.277  9.827  9.563 10.162  9.835  9.653 10.189
    6.032673 1.0000000  4.8003  0.0638  8.258  9.576  9.895 10.052 10.250  7.631  8.286  9.834  9.570 10.169  9.843  9.660 10.196
    6.037715 1.0000000  4.7975  0.0521  8.266  9.584  9.902 10.058 10.257  7.640  8.295  9.842  9.578 10.176  9.850  9.667 10.203
    6.042793 1.0000000  4.7948  0.0404  8.274  9.591  9.909 10.065 10.264  7.650  8.303  9.849  9.585 10.183  9.857  9.675 10.210
    6.047937 1.0000000  4.7920  0.0286  8.282  9.599  9.916 10.073 10.271  7.660  8.312  9.856  9.593 10.190  9.865  9.682 10.217
    6.053145 1.0000000  4.7892  0.0169  8.290  9.607  9.923 10.080 10.278  7.669  8.321  9.863  9.600 10.197  9.872  9.690 10.224
    6.058424 1.0000000  4.7864  0.0052  8.298  9.614  9.930 10.087 10.285  7.679  8.329  9.870  9.608 10.204  9.879  9.697 10.231
    6.063731 1.0000000  4.7837 -0.0065  8.306  9.622  9.937 10.094 10.292  7.688  8.338  9.878  9.615 10.211  9.886  9.704 10.238
    6.069117 1.0000000  4.7809 -0.0183  8.314  9.630  9.944 10.101 10.299  7.698  8.347  9.885  9.623 10.218  9.894  9.712 10.245
    6.074555 1.0000000  4.7781 -0.0299  8.322  9.637  9.951 10.108 10.306  7.708  8.356  9.892  9.630 10.225  9.901  9.719 10.252
    6.080094 1.0000000  4.7754 -0.0417  8.330  9.645  9.958 10.115 10.313  7.718  8.365  9.899  9.638 10.232  9.908  9.727 10.259
    6.085671 1.0000000  4.7726 -0.0533  8.338  9.652  9.965 10.122 10.320  7.727  8.374  9.907  9.645 10.239  9.916  9.734 10.266
    6.091346 1.0000000  4.7698 -0.0650  8.346  9.660  9.972 10.129 10.327  7.737  8.382  9.914  9.653 10.246  9.923  9.741 10.273
    6.097073 1.0000000  4.7671 -0.0767  8.354  9.668  9.980 10.136 10.334  7.747  8.391  9.921  9.660 10.253  9.930  9.749 10.280
    6.102895 1.0000000  4.7643 -0.0884  8.363  9.675  9.987 10.143 10.341  7.757  8.400  9.929  9.668 10.260  9.938  9.756 10.287
    6.108788 1.0000000  4.7615 -0.1001  8.371  9.683  9.994 10.151 10.348  7.766  8.409  9.936  9.675 10.267  9.945  9.764 10.294
    6.114768 1.0000000  4.7587 -0.1118  8.379  9.691 10.001 10.158 10.355  7.776  8.418  9.943  9.683 10.274  9.953  9.772 10.301
    6.120817 1.0000000  4.7560 -0.1234  8.387  9.698 10.008 10.165 10.362  7.786  8.427  9.951  9.691 10.281  9.960  9.779 10.308
    6.126968 1.0000000  4.7532 -0.1351  8.395  9.706 10.016 10.172 10.368  7.796  8.436  9.958  9.698 10.288  9.967  9.786 10.316
    6.133187 1.0000000  4.7505 -0.1467  8.403  9.714 10.023 10.179 10.375  7.806  8.445  9.966  9.706 10.295  9.975  9.794 10.323
    6.139516 1.0000000  4.7477 -0.1584  8.412  9.721 10.030 10.186 10.382  7.816  8.454  9.973  9.713 10.302  9.982  9.802 10.330
    6.145917 1.0000000  4.7449 -0.1700  8.420  9.729 10.037 10.193 10.389  7.826  8.463  9.980  9.721 10.309  9.989  9.809 10.337
    6.152425 1.0000000  4.7422 -0.1817  8.428  9.737 10.045 10.200 10.396  7.836  8.472  9.988  9.729 10.316  9.997  9.817 10.344
    6.159022 1.0000000  4.7394 -0.1933  8.436  9.744 10.052 10.207 10.403  7.846  8.481  9.995  9.736 10.323 10.004  9.824 10.351
    6.165729 1.0000000  4.7366 -0.2050  8.445  9.752 10.059 10.214 10.410  7.856  8.491 10.003  9.744 10.330 10.012  9.832 10.358
    6.172537 1.0000000  4.7339 -0.2166  8.453  9.760 10.066 10.221 10.417  7.866  8.500 10.010  9.752 10.337 10.019  9.840 10.365
    6.179454 1.0000000  4.7311 -0.2283  8.461  9.768 10.074 10.229 10.424  7.876  8.509 10.018  9.759 10.344 10.027  9.847 10.372
    6.186450 1.0000000  4.7284 -0.2398  8.469  9.775 10.081 10.236 10.431  7.886  8.518 10.025  9.767 10.351 10.034  9.855 10.379
    6.193587 1.0000000  4.7256 -0.2514  8.478  9.783 10.088 10.243 10.438  7.896  8.527 10.032  9.775 10.359 10.041  9.863 10.387
    6.200880 1.0000000  4.7229 -0.2630  8.486  9.791 10.095 10.250 10.445  7.906  8.536 10.040  9.782 10.366 10.049  9.870 10.394
    6.208281 1.0000000  4.7201 -0.2747  8.495  9.799 10.103 10.257 10.452  7.916  8.546 10.047  9.790 10.373 10.056  9.878 10.401
    6.215769 1.0000000  4.7173 -0.2863  8.503  9.807 10.110 10.265 10.459  7.926  8.555 10.055  9.798 10.380 10.064  9.886 10.408
    6.223394 1.0000000  4.7146 -0.2979  8.511  9.815 10.117 10.272 10.466  7.937  8.564 10.062  9.805 10.387 10.071  9.893 10.415
    6.231127 1.0000000  4.7118 -0.3095  8.520  9.823 10.124 10.279 10.473  7.947  8.573 10.070  9.813 10.394 10.078  9.901 10.422
    6.238973 1.0000000  4.7091 -0.3211  8.528  9.830 10.132 10.286 10.480  7.957  8.583 10.077  9.821 10.402 10.086  9.909 10.429
    6.246936 1.0000000  4.7063 -0.3326  8.536  9.838 10.139 10.294 10.487  7.967  8.592 10.084  9.829 10.409 10.093  9.917 10.436
    6.255107 1.0000000  4.7036 -0.3441  8.545  9.846 10.146 10.301 10.494  7.977  8.601 10.092  9.836 10.416 10.101  9.924 10.443
    6.263452 1.0000000  4.7008 -0.3557  8.553  9.854 10.153 10.308 10.501  7.988  8.610 10.099  9.844 10.423 10.108  9.932 10.450
    6.271906 1.0000000  4.6981 -0.3673  8.562  9.862 10.160 10.316 10.508  7.998  8.620 10.107  9.852 10.431 10.116  9.940 10.458
    6.280485 1.0000000  4.6953 -0.3789  8.570  9.870 10.168 10.323 10.516  8.008  8.630 10.114  9.860 10.438 10.123  9.948 10.465
    6.289195 1.0000000  4.6926 -0.3905  8.579  9.878 10.175 10.330 10.523  8.019  8.639 10.122  9.868 10.445 10.131  9.956 10.472
    6.298032 1.0000000  4.6899 -0.4019  8.588  9.886 10.183 10.338 10.530  8.030  8.649 10.130  9.876 10.453 10.139  9.964 10.480
    6.307150 1.0000000  4.6871 -0.4134  8.597  9.894 10.190 10.345 10.537  8.040  8.658 10.137  9.884 10.460 10.147  9.971 10.487
    6.316452 1.0000000  4.6844 -0.4249  8.605  9.903 10.198 10.353 10.545  8.051  8.668 10.145  9.892 10.467 10.154  9.979 10.494
    6.325927 1.0000000  4.6816 -0.4365  8.614  9.911 10.205 10.360 10.552  8.061  8.678 10.153  9.900 10.475 10.162  9.987 10.502
    6.335539 1.0000000  4.6789 -0.4480  8.623  9.919 10.213 10.368 10.560  8.072  8.688 10.161  9.908 10.482 10.170  9.995 10.509
    6.345357 1.0000000  4.6762 -0.4594  8.632  9.927 10.221 10.375 10.567  8.083  8.698 10.169  9.916 10.490 10.178 10.003 10.516
    6.355479 1.0000000  4.6735 -0.4708  8.641  9.935 10.228 10.383 10.574  8.094  8.707 10.176  9.924 10.497 10.186 10.011 10.524
    6.365838 1.0000000  4.6707 -0.4823  8.650  9.943 10.236 10.390 10.581  8.104  8.717 10.184  9.932 10.504 10.193 10.019 10.531
    6.376387 1.0000000  4.6680 -0.4938  8.659  9.952 10.244 10.398 10.589  8.115  8.727 10.192  9.940 10.512 10.202 10.027 10.539
    6.387212 1.0000000  4.6653 -0.5050  8.668  9.960 10.251 10.405 10.596  8.126  8.737 10.200  9.948 10.519 10.209 10.035 10.546
    6.398434 1.0000000  4.6626 -0.5164  8.677  9.968 10.259 10.412 10.604  8.137  8.747 10.207  9.956 10.527 10.217 10.043 10.553
    6.409946 1.0000000  4.6599 -0.5278  8.686  9.976 10.266 10.420 10.611  8.148  8.757 10.215  9.964 10.534 10.225 10.051 10.561
    6.421758 1.0000000  4.6572 -0.5391  8.695  9.985 10.274 10.427 10.618  8.159  8.767 10.223  9.973 10.541 10.233 10.059 10.568
    6.433989 1.0000000  4.6545 -0.5504  8.704  9.993 10.282 10.435 10.626  8.170  8.777 10.231  9.981 10.549 10.241 10.067 10.576
    6.446602 1.0000000  4.6518 -0.5617  8.713 10.001 10.290 10.443 10.633  8.181  8.787 10.239  9.989 10.557 10.249 10.075 10.584
    6.459635 1.0000000  4.6491 -0.5729  8.722 10.010 10.297 10.450 10.641  8.192  8.798 10.247  9.997 10.564 10.257 10.083 10.591
    6.473119 1.0000000  4.6464 -0.5841  8.732 10.018 10.305 10.458 10.648  8.203  8.808 10.255 10.006 10.572 10.265 10.091 10.599
    6.487098 1.0000000  4.6437 -0.5954  8.741 10.027 10.313 10.466 10.656  8.214  8.818 10.263 10.014 10.580 10.273 10.100 10.606
    6.501564 1.0000000  4.6411 -0.6065  8.750 10.036 10.321 10.473 10.664  8.225  8.829 10.271 10.022 10.587 10.281 10.108 10.614
    6.516617 1.0000000  4.6384 -0.6177  8.760 10.044 10.329 10.481 10.671  8.237  8.839 10.279 10.031 10.595 10.289 10.117 10.622
    6.532211 1.0000000  4.6358 -0.6288  8.769 10.053 10.337 10.489 10.679  8.248  8.850 10.288 10.039 10.603 10.298 10.125 10.629
    6.548470 1.0000000  4.6331 -0.6399  8.779 10.062 10.345 10.497 10.687  8.260  8.860 10.296 10.048 10.611 10.306 10.134 10.637
    6.565381 1.0000000  4.6305 -0.6510  8.789 10.070 10.353 10.505 10.694  8.271  8.871 10.304 10.057 10.618 10.314 10.142 10.645
    6.582966 1.0000000  4.6279 -0.6620  8.798 10.079 10.360 10.513 10.702  8.283  8.881 10.312 10.065 10.626 10.322 10.151 10.653
    6.601289 1.0000000  4.6253 -0.6731  8.808 10.088 10.369 10.521 10.710  8.294  8.892 10.321 10.074 10.634 10.331 10.159 10.661
    6.620389 1.0000000  4.6226 -0.6841  8.818 10.097 10.377 10.529 10.718  8.306  8.903 10.329 10.082 10.642 10.339 10.168 10.669
    6.640298 1.0000000  4.6200 -0.6951  8.828 10.106 10.385 10.537 10.726  8.318  8.913 10.338 10.091 10.650 10.347 10.177 10.676
    6.661063 1.0000000  4.6174 -0.7060  8.837 10.115 10.393 10.545 10.733  8.329  8.924 10.346 10.100 10.658 10.356 10.185 10.684
    6.682707 1.0000000  4.6148 -0.7170  8.847 10.124 10.401 10.553 10.741  8.341  8.935 10.355 10.108 10.666 10.364 10.194 10.692
    6.705228 1.0000000  4.6122 -0.7279  8.857 10.133 10.409 10.561 10.749  8.353  8.946 10.363 10.117 10.674 10.373 10.203 10.700
    6.728644 1.0000000  4.6096 -0.7389  8.867 10.142 10.418 10.569 10.757  8.365  8.957 10.372 10.126 10.682 10.381 10.212 10.708
    6.752968 1.0000000  4.6071 -0.7498  8.877 10.151 10.426 10.577 10.765  8.377  8.968 10.380 10.135 10.690 10.390 10.221 10.716
    6.778163 1.0000000  4.6044 -0.7608  8.887 10.160 10.434 10.586 10.774  8.389  8.979 10.389 10.144 10.699 10.398 10.230 10.725
    6.804178 1.0000000  4.6018 -0.7718  8.898 10.170 10.443 10.594 10.782  8.401  8.990 10.398 10.153 10.707 10.407 10.239 10.733
    6.830926 1.0000000  4.5992 -0.7827  8.908 10.179 10.451 10.602 10.790  8.413  9.002 10.407 10.162 10.715 10.416 10.248 10.741
    6.858378 1.0000000  4.5966 -0.7937  8.919 10.189 10.460 10.611 10.798  8.426  9.014 10.416 10.172 10.724 10.425 10.258 10.750
    6.886480 1.0000000  4.5940 -0.8048  8.930 10.199 10.469 10.620 10.807  8.439  9.026 10.426 10.182 10.733 10.435 10.268 10.759
    6.915149 1.0000000  4.5914 -0.8158  8.941 10.209 10.478 10.629 10.816  8.452  9.038 10.435 10.192 10.741 10.444 10.277 10.767
    6.944304 1.0000000  4.5888 -0.8269  8.952 10.219 10.487 10.638 10.824  8.465  9.050 10.444 10.201 10.750 10.453 10.287 10.776
    6.973833 1.0000000  4.5861 -0.8380  8.963 10.229 10.496 10.647 10.833  8.478  9.063 10.454 10.211 10.759 10.463 10.297 10.785
    7.003613 1.0000000  4.5835 -0.8491  8.975 10.239 10.505 10.656 10.842  8.492  9.075 10.463 10.221 10.768 10.472 10.307 10.794
    7.033505 1.0000000  4.5808 -0.8603  8.986 10.250 10.515 10.665 10.851  8.505  9.088 10.473 10.232 10.777 10.482 10.317 10.803
    7.063451 1.0000000  4.5781 -0.8716  8.998 10.260 10.524 10.675 10.860  8.519  9.101 10.483 10.242 10.786 10.492 10.327 10.813
    7.093210 1.0000000  4.5754 -0.8829  9.010 10.271 10.534 10.684 10.869  8.533  9.114 10.493 10.252 10.796 10.502 10.337 10.822
    7.122747 1.0000000  4.5727 -0.8942  9.022 10.282 10.543 10.694 10.878  8.547  9.127 10.503 10.263 10.805 10.512 10.348 10.831
    7.151959 1.0000000  4.5700 -0.9057  9.034 10.293 10.553 10.703 10.888  8.561  9.141 10.513 10.274 10.815 10.522 10.358 10.841
    7.180639 1.0000000  4.5673 -0.9171  9.046 10.304 10.563 10.713 10.897  8.575  9.154 10.523 10.284 10.824 10.533 10.369 10.850
    7.208844 1.0000000  4.5645 -0.9286  9.058 10.315 10.572 10.723 10.907  8.590  9.168 10.534 10.295 10.834 10.543 10.380 10.860
    7.236461 1.0000000  4.5618 -0.9401  9.071 10.326 10.582 10.733 10.916  8.604  9.181 10.544 10.306 10.843 10.553 10.390 10.870
    7.263471 1.0000000  4.5590 -0.9517  9.084 10.337 10.593 10.743 10.926  8.619  9.195 10.555 10.317 10.853 10.564 10.401 10.880
    7.289795 1.0000000  4.5562 -0.9633  9.096 10.349 10.603 10.753 10.936  8.634  9.210 10.565 10.328 10.863 10.575 10.412 10.890
    7.315442 1.0000000  4.5534 -0.9749  9.109 10.361 10.613 10.763 10.945  8.649  9.224 10.576 10.340 10.873 10.586 10.424 10.900
    7.340383 1.0000000  4.5506 -0.9866  9.122 10.372 10.623 10.774 10.955  8.664  9.238 10.587 10.351 10.883 10.597 10.435 10.910
    7.364642 1.0000000  4.5478 -0.9983  9.136 10.384 10.634 10.784 10.965  8.680  9.253 10.598 10.363 10.894 10.608 10.446 10.920
    7.388211 1.0000000  4.5450 -1.0100  9.149 10.396 10.644 10.795 10.976  8.695  9.268 10.609 10.375 10.904 10.619 10.458 10.931
    7.411110 1.0000000  4.5422 -1.0217  9.163 10.409 10.655 10.805 10.986  8.711  9.283 10.620 10.387 10.915 10.630 10.470 10.941
    7.433355 1.0000000  4.5394 -1.0335  9.178 10.422 10.667 10.817 10.997  8.729  9.300 10.633 10.400 10.926 10.643 10.482 10.953
    7.454932 1.0000000  4.5365 -1.0453  9.193 10.435 10.679 10.829 11.008  8.746  9.317 10.645 10.413 10.937 10.655 10.495 10.964
    7.475901 1.0000000  4.5337 -1.0570  9.209 10.449 10.690 10.840 11.020  8.763  9.333 10.657 10.426 10.949 10.667 10.508 10.976
    7.496319 1.0000000  4.5309 -1.0689  9.224 10.463 10.703 10.852 11.031  8.781  9.351 10.670 10.439 10.961 10.680 10.521 10.988
    7.516051 1.0000000  4.5280 -1.0807  9.240 10.477 10.715 10.864 11.043  8.799  9.368 10.683 10.453 10.972 10.693 10.535 10.999
    7.535210 1.0000000  4.5252 -1.0925  9.256 10.491 10.727 10.876 11.054  8.818  9.385 10.696 10.466 10.984 10.706 10.548 11.011
    7.553825 1.0000000  4.5223 -1.1043  9.273 10.505 10.739 10.889 11.066  8.836  9.403 10.709 10.480 10.996 10.719 10.562 11.023
    7.571953 1.0000000  4.5194 -1.1162  9.289 10.520 10.752 10.901 11.078  8.855  9.422 10.722 10.494 11.009 10.732 10.576 11.036
    7.589562 1.0000000  4.5166 -1.1280  9.306 10.534 10.765 10.914 11.091  8.874  9.440 10.735 10.508 11.021 10.746 10.590 11.048
    7.606727 1.0000000  4.5137 -1.1399  9.323 10.549 10.778 10.926 11.103  8.893  9.459 10.749 10.523 11.034 10.759 10.604 11.061
    7.623452 1.0000000  4.5108 -1.1517  9.341 10.564 10.791 10.939 11.115  8.913  9.477 10.763 10.537 11.046 10.773 10.618 11.073
    7.639759 1.0000000  4.5080 -1.1636  9.358 10.579 10.804 10.952 11.128  8.932  9.497 10.777 10.552 11.059 10.787 10.633 11.086
    7.655675 1.0000000  4.5051 -1.1754  9.376 10.595 10.817 10.965 11.141  8.952  9.516 10.790 10.567 11.072 10.801 10.648 11.099
    7.671220 1.0000000  4.5023 -1.1873  9.394 10.611 10.831 10.979 11.154  8.972  9.536 10.805 10.582 11.085 10.815 10.663 11.112
    7.686412 1.0000000  4.4994 -1.1991  9.412 10.626 10.844 10.992 11.166  8.993  9.555 10.819 10.597 11.099 10.830 10.677 11.126
    7.701267 1.0000000  4.4965 -1.2110  9.431 10.642 10.858 11.006 11.180  9.014  9.576 10.834 10.613 11.112 10.844 10.693 11.139
    7.715815 1.0000000  4.4936 -1.2228  9.449 10.658 10.872 11.019 11.193  9.034  9.596 10.848 10.629 11.126 10.859 10.708 11.153
    7.730081 1.0000000  4.4908 -1.2347  9.468 10.675 10.886 11.033 11.206  9.056  9.616 10.863 10.644 11.139 10.874 10.724 11.166
    7.744081 1.0000000  4.4879 -1.2465  9.488 10.691 10.900 11.047 11.220  9.077  9.637 10.878 10.660 11.153 10.889 10.739 11.180
    7.757832 1.0000000  4.4850 -1.2583  9.507 10.708 10.914 11.061 11.233  9.098  9.658 10.893 10.676 11.167 10.904 10.755 11.194
    7.771368 1.0000000  4.4822 -1.2702  9.527 10.725 10.929 11.076 11.247  9.120  9.680 10.909 10.693 11.181 10.920 10.771 11.208
    7.784666 1.0000000  4.4793 -1.2820  9.546 10.742 10.944 11.090 11.261  9.142  9.701 10.924 10.709 11.195 10.935 10.788 11.222
    7.797710 1.0000000  4.4764 -1.2938  9.566 10.759 10.958 11.104 11.275  9.164  9.723 10.939 10.725 11.209 10.950 10.804 11.236
    7.810585 1.0000000  4.4735 -1.3057  9.585 10.775 10.972 11.118 11.288  9.187  9.744 10.954 10.741 11.223 10.965 10.819 11.249
    7.823280 1.0000000  4.4707 -1.3175  9.604 10.791 10.985 11.131 11.300  9.210  9.765 10.968 10.756 11.236 10.979 10.834 11.262
    7.835799 1.0000000  4.4678 -1.3293  9.623 10.807 10.999 11.144 11.313  9.232  9.787 10.982 10.772 11.248 10.993 10.849 11.275
    7.848153 1.0000000  4.4649 -1.3411  9.642 10.823 11.013 11.158 11.325  9.255  9.808 10.997 10.787 11.261 11.008 10.864 11.288
    7.860347 1.0000000  4.4620 -1.3529  9.661 10.839 11.026 11.171 11.338  9.279  9.830 11.011 10.802 11.274 11.022 10.879 11.301
    7.872388 1.0000000  4.4592 -1.3648  9.680 10.855 11.040 11.185 11.351  9.302  9.853 11.026 10.818 11.288 11.037 10.895 11.315
    7.884282 1.0000000  4.4563 -1.3766  9.700 10.872 11.054 11.198 11.364  9.326  9.875 11.040 10.834 11.301 11.052 10.910 11.328
    7.896034 1.0000000  4.4534 -1.3884  9.719 10.888 11.068 11.211 11.376  9.350  9.897 11.055 10.849 11.314 11.066 10.926 11.341
    7.907652 1.0000000  4.4505 -1.4002  9.739 10.904 11.082 11.225 11.389  9.374  9.920 11.069 10.865 11.327 11.081 10.941 11.354
    7.919139 1.0000000  4.4476 -1.4120  9.759 10.921 11.096 11.238 11.402  9.399  9.943 11.084 10.881 11.340 11.096 10.957 11.367
    7.930500 1.0000000  4.4448 -1.4239  9.779 10.937 11.110 11.252 11.415  9.424  9.966 11.099 10.897 11.354 11.111 10.973 11.380
    7.941748 1.0000000  4.4419 -1.4357  9.799 10.954 11.124 11.266 11.428  9.449  9.989 11.114 10.913 11.367 11.126 10.988 11.393
    7.952880 1.0000000  4.4390 -1.4475  9.819 10.971 11.138 11.280 11.441  9.474 10.012 11.129 10.929 11.380 11.140 11.004 11.407
    7.963905 1.0000000  4.4361 -1.4593  9.839 10.987 11.152 11.293 11.453  9.499 10.036 11.143 10.945 11.393 11.155 11.020 11.420
    7.974826 1.0000000  4.4332 -1.4711  9.859 11.004 11.166 11.307 11.466  9.525 10.060 11.158 10.961 11.406 11.170 11.036 11.433
    7.985647 1.0000000  4.4304 -1.4829  9.879 11.021 11.180 11.321 11.479  9.551 10.084 11.173 10.977 11.420 11.185 11.052 11.446
    7.996369 1.0000000  4.4275 -1.4948  9.900 11.038 11.195 11.335 11.492  9.577 10.108 11.188 10.994 11.433 11.201 11.068 11.460
    8.006992 1.0000000  4.4246 -1.5066  9.921 11.055 11.209 11.348 11.505  9.603 10.132 11.203 11.010 11.447 11.216 11.084 11.473
    8.017511 1.0000000  4.4217 -1.5184  9.941 11.072 11.223 11.362 11.518  9.630 10.157 11.219 11.026 11.460 11.231 11.100 11.486
    8.027947 1.0000000  4.4188 -1.5302  9.962 11.090 11.238 11.376 11.531  9.657 10.181 11.234 11.042 11.473 11.246 11.116 11.500
    8.038333 1.0000000  4.4160 -1.5420  9.983 11.107 11.252 11.390 11.544  9.684 10.206 11.249 11.059 11.487 11.261 11.132 11.513
    8.048638 1.0000000  4.4131 -1.5538 10.004 11.124 11.267 11.404 11.557  9.711 10.231 11.264 11.075 11.500 11.277 11.149 11.526
    8.058862 1.0000000  4.4102 -1.5656 10.025 11.141 11.281 11.418 11.570  9.738 10.256 11.279 11.092 11.514 11.292 11.165 11.540
    8.069011 1.0000000  4.4073 -1.5775 10.047 11.159 11.296 11.432 11.583  9.766 10.282 11.295 11.109 11.527 11.308 11.182 11.554
    8.079092 1.0000000  4.4044 -1.5893 10.068 11.177 11.311 11.446 11.596  9.794 10.307 11.310 11.126 11.541 11.323 11.198 11.567
    8.089100 1.0000000  4.4016 -1.6011 10.090 11.194 11.325 11.460 11.609  9.822 10.333 11.326 11.142 11.555 11.339 11.215 11.581
    8.099044 1.0000000  4.3987 -1.6129 10.112 11.212 11.340 11.475 11.622  9.851 10.359 11.341 11.159 11.568 11.354 11.231 11.594
    8.108921 1.0000000  4.3958 -1.6247 10.132 11.228 11.354 11.488 11.635  9.878 10.383 11.356 11.175 11.581 11.369 11.247 11.607
    8.118736 1.0000000  4.3929 -1.6365 10.151 11.244 11.367 11.500 11.646  9.904 10.407 11.370 11.190 11.593 11.383 11.261 11.619
    8.128493 1.0000000  4.3900 -1.6483 10.170 11.260 11.380 11.513 11.658  9.931 10.430 11.383 11.205 11.605 11.396 11.276 11.631
    8.138193 1.0000000  4.3871 -1.6601 10.190 11.275 11.393 11.526 11.670  9.958 10.454 11.397 11.220 11.617 11.410 11.291 11.643
    8.147841 1.0000000  4.3843 -1.6719 10.209 11.291 11.406 11.538 11.681  9.985 10.477 11.411 11.235 11.629 11.424 11.306 11.655
    8.157436 1.0000000  4.3814 -1.6837 10.228 11.307 11.419 11.551 11.693 10.012 10.501 11.424 11.249 11.641 11.438 11.320 11.667
    8.166981 1.0000000  4.3785 -1.6955 10.248 11.322 11.432 11.563 11.705 10.039 10.524 11.438 11.264 11.653 11.451 11.335 11.679
    8.176477 1.0000000  4.3756 -1.7074 10.267 11.338 11.445 11.576 11.716 10.066 10.548 11.452 11.279 11.665 11.465 11.349 11.691
    8.185923 1.0000000  4.3727 -1.7192 10.286 11.353 11.458 11.588 11.728 10.093 10.571 11.465 11.294 11.677 11.478 11.364 11.702
    8.195318 1.0000000  4.3698 -1.7310 10.305 11.369 11.470 11.600 11.739 10.121 10.595 11.478 11.308 11.688 11.492 11.378 11.714
    8.204659 1.0000000  4.3670 -1.7428 10.324 11.384 11.483 11.612 11.750 10.148 10.618 11.492 11.323 11.700 11.505 11.392 11.725
    8.213953 1.0000000  4.3641 -1.7546 10.343 11.399 11.496 11.624 11.761 10.176 10.642 11.505 11.337 11.712 11.518 11.406 11.737
    8.223214 1.0000000  4.3612 -1.7664 10.362 11.414 11.508 11.636 11.772 10.203 10.665 11.518 11.352 11.723 11.532 11.421 11.748
    8.232460 1.0000000  4.3583 -1.7782 10.381 11.429 11.521 11.648 11.783 10.231 10.689 11.531 11.366 11.734 11.545 11.435 11.760
    8.241660 1.0000000  4.3554 -1.7900 10.400 11.444 11.533 11.660 11.794 10.259 10.712 11.544 11.380 11.746 11.558 11.449 11.771
    8.250819 1.0000000  4.3525 -1.8018 10.418 11.459 11.545 11.672 11.805 10.286 10.736 11.557 11.394 11.757 11.571 11.462 11.782
    8.259939 1.0000000  4.3496 -1.8136 10.437 11.474 11.558 11.683 11.816 10.314 10.759 11.570 11.408 11.768 11.584 11.476 11.793
    8.269023 1.0000000  4.3468 -1.8254 10.456 11.489 11.570 11.695 11.826 10.342 10.783 11.583 11.422 11.779 11.597 11.490 11.804
    8.278074 1.0000000  4.3439 -1.8372 10.474 11.504 11.582 11.707 11.837 10.370 10.806 11.596 11.436 11.790 11.609 11.504 11.815
    8.287091 1.0000000  4.3410 -1.8490 10.493 11.518 11.594 11.718 11.848 10.398 10.829 11.608 11.450 11.801 11.622 11.518 11.826
    8.296080 1.0000000  4.3381 -1.8608 10.511 11.533 11.606 11.730 11.858 10.427 10.853 11.621 11.464 11.812 11.635 11.531 11.837
    8.305041 1.0000000  4.3352 -1.8726 10.530 11.548 11.618 11.741 11.869 10.455 10.876 11.633 11.478 11.823 11.647 11.545 11.848
    8.313976 1.0000000  4.3323 -1.8844 10.548 11.562 11.630 11.752 11.879 10.483 10.900 11.646 11.492 11.834 11.660 11.558 11.859
    8.322889 1.0000000  4.3294 -1.8962 10.567 11.577 11.642 11.764 11.889 10.512 10.923 11.658 11.505 11.845 11.672 11.571 11.869
    8.331779 1.0000000  4.3266 -1.9080 10.585 11.591 11.654 11.775 11.900 10.541 10.947 11.671 11.519 11.855 11.685 11.585 11.880
    8.340650 1.0000000  4.3237 -1.9198 10.603 11.605 11.666 11.786 11.910 10.569 10.970 11.683 11.533 11.866 11.697 11.598 11.890
    8.349503 1.0000000  4.3208 -1.9316 10.621 11.620 11.677 11.797 11.920 10.598 10.993 11.695 11.546 11.876 11.709 11.611 11.901
    8.358336 1.0000000  4.3179 -1.9434 10.640 11.634 11.689 11.808 11.930 10.627 11.017 11.708 11.560 11.887 11.721 11.624 11.911
    8.367154 1.0000000  4.3150 -1.9552 10.658 11.648 11.700 11.819 11.940 10.656 11.040 11.720 11.573 11.897 11.734 11.638 11.921
    8.375953 1.0000000  4.3121 -1.9670 10.676 11.662 11.712 11.830 11.950 10.685 11.064 11.732 11.586 11.907 11.746 11.651 11.932
    8.384737 1.0000000  4.3092 -1.9788 10.694 11.676 11.723 11.841 11.960 10.714 11.087 11.744 11.599 11.918 11.758 11.663 11.942
    8.393506 1.0000000  4.3064 -1.9905 10.712 11.690 11.734 11.851 11.969 10.743 11.110 11.755 11.612 11.927 11.769 11.676 11.952
    8.402265 1.0000000  4.3035 -2.0023 10.730 11.704 11.746 11.862 11.979 10.772 11.134 11.767 11.625 11.938 11.781 11.689 11.962
    8.411013 1.0000000  4.3006 -2.0141 10.748 11.718 11.757 11.873 11.989 10.801 11.157 11.779 11.639 11.948 11.793 11.702 11.972
    8.419759 1.0000000  4.2977 -2.0259 10.766 11.733 11.769 11.884 11.999 10.830 11.181 11.792 11.652 11.958 11.806 11.715 11.982
    8.428487 1.0000000  4.2948 -2.0377 10.785 11.747 11.781 11.895 12.009 10.860 11.205 11.804 11.666 11.969 11.818 11.729 11.993
    8.437192 1.0000000  4.2919 -2.0495 10.804 11.762 11.793 11.907 12.020 10.889 11.229 11.817 11.680 11.980 11.831 11.743 12.004
    8.445888 1.0000000  4.2890 -2.0613 10.823 11.777 11.805 11.918 12.030 10.918 11.253 11.829 11.694 11.991 11.843 11.756 12.014
    8.454578 1.0000000  4.2861 -2.0731 10.841 11.792 11.816 11.929 12.040 10.948 11.276 11.842 11.708 12.001 11.856 11.770 12.025
    8.463264 1.0000000  4.2832 -2.0848 10.860 11.806 11.828 11.940 12.050 10.977 11.300 11.854 11.721 12.012 11.868 11.783 12.036
    8.471948 1.0000000  4.2804 -2.0966 10.879 11.821 11.840 11.951 12.060 11.006 11.324 11.866 11.735 12.022 11.880 11.796 12.046
    8.480630 1.0000000  4.2775 -2.1084 10.897 11.836 11.852 11.962 12.070 11.036 11.348 11.879 11.749 12.033 11.893 11.810 12.057
    8.489311 1.0000000  4.2746 -2.1202 10.916 11.851 11.863 11.974 12.080 11.066 11.372 11.891 11.762 12.043 11.905 11.823 12.067
    8.497992 1.0000000  4.2717 -2.1320 10.935 11.865 11.875 11.985 12.090 11.095 11.396 11.903 11.776 12.054 11.918 11.837 12.078
    8.506673 1.0000000  4.2688 -2.1437 10.953 11.880 11.887 11.996 12.100 11.125 11.420 11.915 11.790 12.064 11.930 11.850 12.088
    8.515355 1.0000000  4.2659 -2.1555 10.972 11.894 11.898 12.007 12.110 11.155 11.444 11.928 11.803 12.075 11.942 11.863 12.099
    8.524037 1.0000000  4.2630 -2.1673 10.991 11.909 11.910 12.018 12.120 11.185 11.468 11.940 11.817 12.085 11.955 11.877 12.109
    8.532720 1.0000000  4.2602 -2.1791 11.010 11.924 11.922 12.029 12.130 11.215 11.492 11.952 11.831 12.096 11.967 11.890 12.119
    8.541406 1.0000000  4.2573 -2.1908 11.028 11.938 11.933 12.040 12.140 11.244 11.516 11.964 11.844 12.106 11.979 11.903 12.130
    8.550093 1.0000000  4.2544 -2.2026 11.047 11.953 11.945 12.051 12.150 11.275 11.540 11.977 11.858 12.116 11.991 11.917 12.140
    8.558782 1.0000000  4.2515 -2.2144 11.066 11.968 11.956 12.062 12.160 11.305 11.564 11.989 11.871 12.127 12.004 11.930 12.150
    8.567474 1.0000000  4.2486 -2.2262 11.084 11.983 11.968 12.073 12.170 11.335 11.588 12.001 11.885 12.137 12.016 11.944 12.161
    8.576165 1.0000000  4.2457 -2.2379 11.103 11.997 11.979 12.084 12.179 11.365 11.612 12.013 11.898 12.147 12.028 11.957 12.171
    8.584858 1.0000000  4.2428 -2.2497 11.122 12.012 11.991 12.095 12.189 11.396 11.636 12.025 11.912 12.157 12.040 11.970 12.181
    8.593558 1.0000000  4.2399 -2.2615 11.141 12.026 12.002 12.106 12.199 11.426 11.660 12.037 11.925 12.168 12.052 11.983 12.192
    8.602265 1.0000000  4.2370 -2.2733 11.159 12.041 12.014 12.116 12.209 11.457 11.685 12.049 11.939 12.178 12.064 11.997 12.202
    8.610963 1.0000000  4.2341 -2.2851 11.178 12.056 12.025 12.127 12.218 11.487 11.709 12.062 11.952 12.188 12.076 12.010 12.212
    8.619658 1.0000000  4.2313 -2.2968 11.197 12.070 12.036 12.138 12.228 11.518 11.733 12.073 11.965 12.198 12.088 12.023 12.222
    8.628355 1.0000000  4.2284 -2.3086 11.215 12.085 12.048 12.149 12.238 11.549 11.757 12.086 11.979 12.208 12.101 12.036 12.232
    8.637049 1.0000000  4.2255 -2.3204 11.234 12.100 12.060 12.160 12.247 11.581 11.781 12.098 11.993 12.219 12.113 12.049 12.242
    8.645746 1.0000000  4.2226 -2.3322 11.253 12.114 12.071 12.171 12.257 11.613 11.805 12.110 12.006 12.229 12.125 12.062 12.253
    8.654440 1.0000000  4.2197 -2.3440 11.272 12.129 12.083 12.181 12.267 11.645 11.830 12.122 12.020 12.239 12.137 12.076 12.263
    8.663134 1.0000000  4.2168 -2.3558 11.290 12.144 12.094 12.192 12.276 11.677 11.854 12.134 12.033 12.249 12.150 12.089 12.273
    8.671822 1.0000000  4.2139 -2.3675 11.308 12.158 12.106 12.203 12.286 11.709 11.878 12.145 12.047 12.259 12.161 12.102 12.282
    8.680504 1.0000000  4.2110 -2.3793 11.327 12.173 12.117 12.213 12.295 11.741 11.903 12.158 12.060 12.269 12.174 12.115 12.292
    8.689181 1.0000000  4.2081 -2.3911 11.345 12.188 12.129 12.224 12.304 11.774 11.927 12.170 12.073 12.278 12.186 12.128 12.302
    8.697855 1.0000000  4.2052 -2.4029 11.363 12.202 12.140 12.234 12.313 11.806 11.952 12.182 12.087 12.288 12.198 12.141 12.311
    8.706531 1.0000000  4.2023 -2.4147 11.381 12.217 12.152 12.245 12.322 11.840 11.976 12.194 12.100 12.298 12.210 12.154 12.321
    8.715211 1.0000000  4.1994 -2.4265 11.399 12.232 12.163 12.256 12.332 11.873 12.001 12.206 12.113 12.308 12.222 12.168 12.331
    8.723903 1.0000000  4.1965 -2.4382 11.416 12.247 12.175 12.266 12.341 11.907 12.026 12.218 12.126 12.317 12.234 12.181 12.341
    8.732602 1.0000000  4.1936 -2.4500 11.435 12.261 12.187 12.277 12.350 11.942 12.051 12.230 12.140 12.327 12.246 12.194 12.351
    8.741314 1.0000000  4.1907 -2.4618 11.453 12.276 12.199 12.287 12.359 11.977 12.076 12.242 12.153 12.337 12.258 12.208 12.361
    8.750040 1.0000000  4.1878 -2.4735 11.470 12.291 12.210 12.298 12.368 12.012 12.101 12.254 12.166 12.346 12.270 12.221 12.370
    8.758781 1.0000000  4.1849 -2.4853 11.488 12.306 12.222 12.308 12.377 12.048 12.126 12.266 12.180 12.356 12.282 12.234 12.379
    8.767537 1.0000000  4.1821 -2.4971 11.505 12.320 12.234 12.319 12.386 12.085 12.151 12.277 12.193 12.365 12.294 12.247 12.389
    8.776308 1.0000000  4.1792 -2.5088 11.522 12.335 12.245 12.329 12.395 12.122 12.176 12.289 12.206 12.375 12.305 12.260 12.398
    8.785103 1.0000000  4.1763 -2.5206 11.539 12.350 12.257 12.340 12.404 12.159 12.201 12.301 12.220 12.384 12.317 12.273 12.407
    8.793913 1.0000000  4.1734 -2.5324 11.555 12.364 12.268 12.350 12.412 12.198 12.226 12.312 12.233 12.393 12.329 12.286 12.416
    8.802727 1.0000000  4.1705 -2.5441 11.572 12.378 12.279 12.360 12.420 12.238 12.251 12.323 12.245 12.402 12.340 12.298 12.424
    8.811573 1.0000000  4.1676 -2.5558 11.588 12.391 12.290 12.369 12.428 12.278 12.277 12.334 12.257 12.410 12.351 12.310 12.433
    8.820453 1.0000000  4.1647 -2.5676 11.603 12.405 12.302 12.379 12.436 12.319 12.302 12.345 12.270 12.419 12.362 12.323 12.442
    8.829350 1.0000000  4.1618 -2.5793 11.619 12.419 12.313 12.389 12.444 12.360 12.327 12.356 12.282 12.427 12.373 12.335 12.450
    8.838287 1.0000000  4.1589 -2.5910 11.634 12.432 12.324 12.398 12.452 12.404 12.352 12.367 12.294 12.435 12.384 12.346 12.458
    8.847257 1.0000000  4.1560 -2.6028 11.649 12.445 12.335 12.408 12.459 12.450 12.377 12.378 12.306 12.443 12.395 12.358 12.466
    8.856223 1.0000000  4.1532 -2.6145 11.663 12.458 12.345 12.417 12.467 12.497 12.402 12.388 12.318 12.451 12.405 12.370 12.474
    8.865249 1.0000000  4.1503 -2.6263 11.678 12.471 12.356 12.426 12.475 12.546 12.428 12.399 12.330 12.459 12.416 12.382 12.482
    8.874272 1.0000000  4.1474 -2.6381 11.692 12.484 12.367 12.435 12.482 12.596 12.453 12.409 12.341 12.467 12.426 12.393 12.490
    8.883301 1.0000000  4.1445 -2.6498 11.705 12.497 12.378 12.444 12.489 12.648 12.478 12.419 12.353 12.475 12.436 12.404 12.498
    8.892391 1.0000000  4.1416 -2.6616 11.719 12.509 12.388 12.453 12.496 12.703 12.503 12.429 12.364 12.482 12.446 12.415 12.505
    8.901464 1.0000000  4.1387 -2.6734 11.732 12.521 12.398 12.462 12.503 12.760 12.527 12.439 12.375 12.490 12.456 12.426 12.513
    8.910556 1.0000000  4.1358 -2.6851 11.745 12.532 12.408 12.470 12.510 12.819 12.552 12.448 12.386 12.497 12.465 12.437 12.520
    8.919655 1.0000000  4.1329 -2.6969 11.758 12.544 12.418 12.478 12.517 12.880 12.576 12.458 12.396 12.504 12.475 12.447 12.527
    8.928708 1.0000000  4.1300 -2.7087 11.771 12.555 12.427 12.487 12.523 12.943 12.600 12.467 12.407 12.512 12.484 12.457 12.534
    8.937648 1.0000000  4.1272 -2.7203 11.784 12.566 12.437 12.495 12.530 13.009 12.625 12.477 12.417 12.519 12.493 12.468 12.542
    8.946426 1.0000000  4.1244 -2.7316 11.796 12.578 12.447 12.503 12.537 13.076 12.648 12.486 12.428 12.526 12.503 12.478 12.549
    8.955049 1.0000000  4.1217 -2.7428 11.809 12.589 12.457 12.511 12.543 13.145 12.672 12.495 12.438 12.533 12.512 12.489 12.556
    8.963522 1.0000000  4.1190 -2.7537 11.821 12.600 12.467 12.519 12.549 13.214 12.695 12.504 12.448 12.540 12.521 12.499 12.562
    8.971851 1.0000000  4.1164 -2.7642 11.832 12.611 12.476 12.527 12.556 13.283 12.717 12.513 12.458 12.546 12.530 12.508 12.569
    8.980042 1.0000000  4.1137 -2.7750 11.844 12.622 12.486 12.535 12.562 13.356 12.740 12.522 12.468 12.553 12.539 12.518 12.575
    8.988097 1.0000000  4.1112 -2.7854 11.857 12.634 12.496 12.544 12.569 13.423 12.764 12.532 12.479 12.561 12.549 12.529 12.583
    8.996023 1.0000000  4.1087 -2.7957 11.871 12.646 12.507 12.553 12.577 13.490 12.788 12.542 12.490 12.569 12.559 12.541 12.591
    9.003822 1.0000000  4.1062 -2.8059 11.885 12.658 12.518 12.562 12.584 13.557 12.812 12.552 12.502 12.576 12.569 12.552 12.599
    9.011501 1.0000000  4.1037 -2.8159 11.899 12.671 12.529 12.571 12.592 13.623 12.837 12.563 12.514 12.584 12.579 12.564 12.607
    9.019062 1.0000000  4.1012 -2.8261 11.914 12.684 12.541 12.581 12.600 13.691 12.862 12.574 12.526 12.593 12.591 12.576 12.615
    9.026508 1.0000000  4.0987 -2.8361 11.929 12.698 12.553 12.591 12.608 13.758 12.887 12.585 12.539 12.601 12.602 12.588 12.624
    9.033845 1.0000000  4.0963 -2.8459 11.944 12.711 12.565 12.602 12.616 13.824 12.913 12.596 12.551 12.610 12.613 12.601 12.633
    9.041075 1.0000000  4.0939 -2.8556 11.958 12.724 12.577 12.612 12.624 13.891 12.938 12.607 12.564 12.618 12.624 12.613 12.641
    9.048201 1.0000000  4.0915 -2.8653 11.973 12.738 12.589 12.622 12.633 13.959 12.963 12.618 12.576 12.627 12.635 12.625 12.650
    9.055230 1.0000000  4.0892 -2.8749 11.989 12.752 12.601 12.632 12.641 14.026 12.988 12.630 12.589 12.636 12.646 12.638 12.659
    9.062159 1.0000000  4.0868 -2.8844 12.004 12.766 12.613 12.643 12.649 14.093 13.013 12.641 12.602 12.645 12.658 12.651 12.667
    9.069079 1.0000000  4.0845 -2.8937 12.019 12.780 12.626 12.653 12.658 14.159 13.038 12.653 12.615 12.654 12.669 12.663 12.676
    9.076525 1.0000000  4.0822 -2.9030 12.035 12.794 12.638 12.664 12.666 14.226 13.064 12.664 12.628 12.663 12.681 12.676 12.685
    9.084916 1.0000000  4.0799 -2.9122 12.051 12.808 12.651 12.675 12.675 14.293 13.089 12.676 12.641 12.672 12.693 12.689 12.694
    9.093394 1.0000000  4.0777 -2.9213 12.066 12.822 12.663 12.685 12.684 14.362 13.114 12.688 12.654 12.681 12.705 12.702 12.703
    9.101685 1.0000000  4.0755 -2.9303 12.081 12.836 12.676 12.696 12.692 14.434 13.139 12.700 12.667 12.691 12.716 12.715 12.712
    9.109803 1.0000000  4.0733 -2.9392 12.097 12.850 12.688 12.707 12.701 14.506 13.163 12.711 12.680 12.700 12.728 12.728 12.722
    9.119127 1.0000000  4.0711 -2.9480 12.112 12.864 12.701 12.717 12.709 14.579 13.187 12.723 12.693 12.709 12.740 12.741 12.731
    9.127152 1.0000000  4.0689 -2.9566 12.127 12.877 12.713 12.728 12.718 14.652 13.211 12.734 12.705 12.718 12.751 12.753 12.740
    9.135006 1.0000000  4.0668 -2.9652 12.142 12.891 12.726 12.738 12.726 14.726 13.235 12.746 12.718 12.727 12.763 12.766 12.749
    9.142933 1.0000000  4.0647 -2.9737 12.157 12.905 12.739 12.749 12.735 14.801 13.259 12.757 12.731 12.736 12.774 12.779 12.758
    9.151831 1.0000000  4.0627 -2.9820 12.172 12.918 12.751 12.760 12.744 14.875 13.282 12.769 12.744 12.745 12.786 12.791 12.767
    9.159371 1.0000000  4.0606 -2.9902 12.187 12.932 12.763 12.770 12.752 14.949 13.305 12.780 12.756 12.754 12.797 12.804 12.776
    9.167372 1.0000000  4.0587 -2.9982 12.201 12.945 12.776 12.781 12.761 15.024 13.328 12.792 12.769 12.763 12.809 12.817 12.785
    9.174416 1.0000000  4.0567 -3.0062 12.216 12.959 12.788 12.791 12.770 15.099 13.351 12.803 12.782 12.773 12.820 12.829 12.795
    9.182416 1.0000000  4.0548 -3.0141 12.230 12.972 12.801 12.802 12.778 15.174 13.374 12.815 12.794 12.782 12.832 12.842 12.804
    9.190334 1.0000000  4.0529 -3.0219 12.244 12.986 12.814 12.813 12.787 15.249 13.397 12.826 12.807 12.791 12.843 12.855 12.813
    9.198104 1.0000000  4.0510 -3.0296 12.259 12.999 12.826 12.823 12.796 15.326 13.420 12.838 12.820 12.800 12.855 12.867 12.822
    9.204928 1.0000000  4.0490 -3.0374 12.273 13.013 12.839 12.834 12.805 15.404 13.443 12.850 12.833 12.809 12.867 12.880 12.831
    9.212433 1.0000000  4.0471 -3.0452 12.288 13.027 12.852 12.845 12.814 15.483 13.467 12.862 12.846 12.819 12.878 12.893 12.841
    9.219815 1.0000000  4.0452 -3.0528 12.302 13.040 12.864 12.856 12.823 15.562 13.490 12.873 12.859 12.828 12.890 12.906 12.850
    9.226859 1.0000000  4.0434 -3.0602 12.316 13.054 12.877 12.866 12.832 15.640 13.512 12.885 12.872 12.837 12.902 12.919 12.859
    9.233075 1.0000000  4.0415 -3.0677 12.331 13.067 12.890 12.877 12.841 15.719 13.535 12.897 12.885 12.846 12.913 12.932 12.868
    9.240149 1.0000000  4.0397 -3.0750 12.345 13.081 12.902 12.888 12.850 15.792 13.558 12.908 12.897 12.855 12.925 12.945 12.877
    9.247109 1.0000000  4.0379 -3.0822 12.359 13.094 12.915 12.899 12.859 15.865 13.581 12.920 12.910 12.865 12.937 12.957 12.887
    9.253752 1.0000000  4.0362 -3.0894 12.373 13.108 12.928 12.910 12.868 15.936 13.603 12.932 12.923 12.874 12.948 12.970 12.896
    9.259615 1.0000000  4.0344 -3.0965 12.387 13.121 12.941 12.920 12.877 16.006 13.626 12.943 12.936 12.884 12.960 12.983 12.905
    9.266295 1.0000000  4.0327 -3.1035 12.401 13.135 12.953 12.931 12.886 16.077 13.648 12.955 12.948 12.893 12.972 12.996 12.915
    9.272886 1.0000000  4.0309 -3.1105 12.415 13.148 12.966 12.942 12.895 16.147 13.671 12.967 12.961 12.902 12.983 13.008 12.924
    9.279174 1.0000000  4.0292 -3.1175 12.429 13.162 12.979 12.953 12.904 16.216 13.693 12.979 12.974 12.912 12.995 13.021 12.934
    9.284732 1.0000000  4.0275 -3.1243 12.443 13.175 12.992 12.964 12.913 16.284 13.716 12.990 12.987 12.921 13.007 13.034 12.943
    9.291098 1.0000000  4.0259 -3.1311 12.457 13.189 13.005 12.975 12.921 16.353 13.738 13.002 13.000 12.931 13.019 13.047 12.952
    9.297293 1.0000000  4.0242 -3.1379 12.471 13.202 13.018 12.987 12.931 16.420 13.761 13.014 13.013 12.941 13.031 13.059 12.962
    9.302926 1.0000000  4.0225 -3.1446 12.484 13.216 13.031 12.998 12.940 16.487 13.783 13.026 13.026 12.950 13.042 13.072 12.971
    9.309270 1.0000000  4.0209 -3.1512 12.498 13.229 13.044 13.009 12.948 16.553 13.805 13.037 13.038 12.960 13.054 13.085 12.980
    9.314518 1.0000000  4.0193 -3.1577 12.511 13.242 13.056 13.019 12.957 16.614 13.827 13.049 13.051 12.969 13.065 13.097 12.990
    9.319874 1.0000000  4.0177 -3.1642 12.525 13.255 13.069 13.030 12.966 16.675 13.849 13.060 13.063 12.978 13.077 13.110 12.999
    9.325644 1.0000000  4.0161 -3.1707 12.539 13.269 13.081 13.041 12.975 16.734 13.871 13.072 13.076 12.987 13.088 13.122 13.008
    9.330652 1.0000000  4.0145 -3.1771 12.552 13.282 13.094 13.052 12.984 16.792 13.893 13.083 13.088 12.997 13.100 13.135 13.017
    9.336434 1.0000000  4.0129 -3.1834 12.566 13.295 13.106 13.062 12.993 16.849 13.914 13.094 13.101 13.006 13.111 13.147 13.027
    9.342208 1.0000000  4.0114 -3.1896 12.579 13.307 13.118 13.073 13.002 16.905 13.936 13.105 13.113 13.015 13.122 13.159 13.036
    9.347076 1.0000000  4.0099 -3.1958 12.592 13.320 13.131 13.084 13.011 16.960 13.957 13.117 13.125 13.024 13.134 13.172 13.045
    9.351894 1.0000000  4.0083 -3.2020 12.605 13.333 13.143 13.094 13.019 17.014 13.979 13.128 13.138 13.033 13.145 13.184 13.054
    9.356889 1.0000000  4.0068 -3.2081 12.618 13.346 13.155 13.105 13.028 17.068 14.000 13.139 13.150 13.042 13.156 13.196 13.063
    9.362510 1.0000000  4.0053 -3.2141 12.631 13.359 13.168 13.115 13.037 17.120 14.022 13.150 13.162 13.051 13.167 13.209 13.072
    9.367155 1.0000000  4.0038 -3.2201 12.644 13.372 13.180 13.126 13.046 17.171 14.043 13.161 13.174 13.060 13.178 13.221 13.081
    9.371763 1.0000000  4.0024 -3.2261 12.658 13.385 13.192 13.136 13.055 17.222 14.064 13.172 13.186 13.069 13.189 13.233 13.090
    9.376482 1.0000000  4.0009 -3.2320 12.671 13.397 13.204 13.147 13.063 17.271 14.085 13.184 13.199 13.078 13.201 13.245 13.099
    9.381749 1.0000000  3.9995 -3.2379 12.683 13.410 13.216 13.157 13.072 17.321 14.106 13.195 13.211 13.087 13.212 13.257 13.108
    9.386565 1.0000000  3.9980 -3.2437 12.696 13.422 13.228 13.167 13.080 17.373 14.127 13.205 13.222 13.096 13.222 13.269 13.117
    9.391177 1.0000000  3.9966 -3.2494 12.708 13.434 13.239 13.177 13.089 17.424 14.148 13.216 13.234 13.105 13.233 13.280 13.125
    9.394784 1.0000000  3.9952 -3.2551 12.721 13.446 13.251 13.187 13.097 17.475 14.168 13.226 13.245 13.113 13.243 13.292 13.134
    9.399611 1.0000000  3.9938 -3.2608 12.733 13.459 13.263 13.197 13.105 17.525 14.189 13.237 13.257 13.122 13.254 13.303 13.143
    9.404392 1.0000000  3.9924 -3.2663 12.745 13.470 13.274 13.207 13.113 17.574 14.209 13.247 13.268 13.130 13.264 13.314 13.151
    9.408819 1.0000000  3.9911 -3.2719 12.757 13.482 13.285 13.217 13.121 17.624 14.229 13.258 13.279 13.139 13.274 13.326 13.160
    9.412274 1.0000000  3.9897 -3.2774 12.769 13.494 13.296 13.226 13.129 17.673 14.249 13.268 13.291 13.147 13.285 13.337 13.168
    9.416913 1.0000000  3.9884 -3.2829 12.781 13.506 13.308 13.236 13.137 17.722 14.269 13.278 13.302 13.156 13.295 13.348 13.176
    9.421477 1.0000000  3.9870 -3.2884 12.793 13.518 13.319 13.246 13.145 17.771 14.290 13.288 13.313 13.164 13.305 13.359 13.185
    9.425679 1.0000000  3.9857 -3.2938 12.805 13.530 13.330 13.255 13.153 17.820 14.310 13.299 13.324 13.172 13.315 13.370 13.193
    9.428983 1.0000000  3.9843 -3.2992 12.817 13.541 13.341 13.265 13.161 17.868 14.330 13.309 13.335 13.181 13.325 13.381 13.201
    9.433435 1.0000000  3.9830 -3.3045 12.829 13.553 13.352 13.274 13.169 17.915 14.349 13.319 13.346 13.189 13.335 13.392 13.209
    9.437987 1.0000000  3.9817 -3.3099 12.840 13.565 13.363 13.284 13.177 17.963 14.369 13.329 13.357 13.197 13.345 13.403 13.218
    9.442410 1.0000000  3.9804 -3.3151 12.852 13.576 13.374 13.293 13.185 18.010 14.389 13.339 13.368 13.205 13.355 13.413 13.226
    9.446462 1.0000000  3.9791 -3.3204 12.864 13.587 13.385 13.303 13.193 18.057 14.409 13.349 13.379 13.214 13.365 13.424 13.234
    9.449563 1.0000000  3.9778 -3.3256 12.875 13.599 13.396 13.312 13.200 18.104 14.428 13.359 13.389 13.222 13.375 13.435 13.242
    9.453540 1.0000000  3.9766 -3.3308 12.887 13.610 13.406 13.321 13.208 18.152 14.448 13.369 13.400 13.230 13.385 13.445 13.250
    9.457619 1.0000000  3.9753 -3.3359 12.898 13.621 13.417 13.330 13.215 18.201 14.468 13.378 13.411 13.238 13.394 13.456 13.258
    9.461836 1.0000000  3.9740 -3.3410 12.909 13.632 13.427 13.339 13.223 18.250 14.488 13.388 13.421 13.246 13.404 13.466 13.266
    9.466077 1.0000000  3.9728 -3.3461 12.921 13.644 13.438 13.348 13.231 18.298 14.507 13.397 13.432 13.254 13.413 13.477 13.274
    9.470152 1.0000000  3.9715 -3.3512 12.932 13.655 13.448 13.357 13.238 18.347 14.527 13.407 13.442 13.262 13.423 13.487 13.282
    9.473202 1.0000000  3.9703 -3.3562 12.944 13.666 13.459 13.366 13.246 18.396 14.547 13.416 13.453 13.269 13.432 13.498 13.289
    9.477533 1.0000000  3.9691 -3.3612 12.955 13.677 13.469 13.375 13.253 18.444 14.566 13.426 13.463 13.277 13.442 13.508 13.297
    9.481533 1.0000000  3.9678 -3.3661 12.966 13.687 13.479 13.384 13.260 18.493 14.586 13.435 13.473 13.285 13.451 13.518 13.305
    9.484515 1.0000000  3.9666 -3.3711 12.977 13.698 13.489 13.393 13.268 18.541 14.605 13.444 13.484 13.293 13.461 13.529 13.312
    9.488780 1.0000000  3.9654 -3.3760 12.989 13.709 13.499 13.402 13.275 18.590 14.625 13.454 13.494 13.300 13.470 13.539 13.320
    9.492712 1.0000000  3.9642 -3.3809 13.000 13.720 13.510 13.410 13.283 18.638 14.644 13.463 13.504 13.308 13.479 13.549 13.328
    9.495630 1.0000000  3.9630 -3.3857 13.011 13.730 13.519 13.419 13.290 18.687 14.664 13.472 13.514 13.315 13.488 13.559 13.335
    9.499838 1.0000000  3.9618 -3.3906 13.022 13.741 13.530 13.428 13.297 18.736 14.683 13.481 13.524 13.323 13.498 13.569 13.343
    9.503723 1.0000000  3.9606 -3.3954 13.033 13.752 13.540 13.436 13.304 18.784 14.703 13.490 13.535 13.331 13.507 13.579 13.350
    9.506574 1.0000000  3.9594 -3.4002 13.044 13.763 13.550 13.445 13.312 18.833 14.722 13.500 13.545 13.338 13.516 13.589 13.358
    9.510410 1.0000000  3.9583 -3.4049 13.055 13.773 13.559 13.453 13.319 18.881 14.741 13.508 13.555 13.345 13.525 13.599 13.365
    9.513178 1.0000000  3.9571 -3.4097 13.066 13.784 13.569 13.462 13.326 18.930 14.761 13.518 13.565 13.353 13.534 13.609 13.373
    9.516765 1.0000000  3.9559 -3.4144 13.077 13.794 13.579 13.470 13.333 18.979 14.780 13.526 13.575 13.360 13.543 13.619 13.380
    9.519241 1.0000000  3.9548 -3.4191 13.088 13.804 13.589 13.479 13.340 19.027 14.799 13.535 13.584 13.368 13.552 13.629 13.388
    9.521919 1.0000000  3.9536 -3.4238 13.098 13.815 13.598 13.487 13.347 19.076 14.819 13.544 13.594 13.375 13.561 13.639 13.395
    9.525231 1.0000000  3.9525 -3.4284 13.109 13.825 13.608 13.496 13.354 19.125 14.838 13.553 13.604 13.382 13.570 13.648 13.402
    9.527664 1.0000000  3.9513 -3.4331 13.120 13.836 13.618 13.504 13.361 19.174 14.858 13.562 13.614 13.390 13.579 13.658 13.410
    9.530272 1.0000000  3.9502 -3.4377 13.131 13.846 13.627 13.512 13.368 19.223 14.878 13.571 13.624 13.397 13.588 13.668 13.417
    9.533538 1.0000000  3.9491 -3.4422 13.142 13.856 13.637 13.520 13.375 19.272 14.897 13.579 13.633 13.404 13.596 13.677 13.424
    9.536108 1.0000000  3.9479 -3.4468 13.153 13.866 13.646 13.528 13.382 19.322 14.917 13.588 13.643 13.411 13.605 13.687 13.431
    9.539342 1.0000000  3.9468 -3.4513 13.163 13.876 13.655 13.537 13.389 19.371 14.936 13.597 13.652 13.418 13.614 13.696 13.438
    9.541934 1.0000000  3.9457 -3.4559 13.174 13.887 13.665 13.545 13.396 19.420 14.956 13.605 13.662 13.425 13.622 13.706 13.445
    9.545356 1.0000000  3.9446 -3.4604 13.185 13.897 13.674 13.553 13.402 19.469 14.976 13.614 13.671 13.432 13.631 13.715 13.452
    9.547658 1.0000000  3.9435 -3.4648 13.195 13.907 13.683 13.561 13.409 19.518 14.995 13.622 13.680 13.439 13.639 13.724 13.459
    9.550257 1.0000000  3.9424 -3.4693 13.206 13.917 13.693 13.569 13.416 19.568 15.015 13.631 13.690 13.446 13.648 13.734 13.466
    9.554151 1.0000000  3.9413 -3.4737 13.217 13.927 13.702 13.577 13.422 19.617 15.034 13.639 13.699 13.453 13.656 13.743 13.473
    9.557721 1.0000000  3.9402 -3.4781 13.227 13.937 13.711 13.584 13.429 19.666 15.054 13.648 13.709 13.460 13.665 13.752 13.480
    9.560253 1.0000000  3.9391 -3.4825 13.238 13.947 13.720 13.592 13.436 19.715 15.074 13.656 13.718 13.467 13.673 13.762 13.487
    9.563785 1.0000000  3.9380 -3.4869 13.248 13.957 13.729 13.600 13.442 19.765 15.093 13.664 13.727 13.474 13.682 13.771 13.494
    9.566225 1.0000000  3.9370 -3.4912 13.259 13.967 13.738 13.608 13.449 19.814 15.113 13.673 13.736 13.480 13.690 13.780 13.500
    9.569507 1.0000000  3.9359 -3.4955 13.269 13.977 13.747 13.616 13.455 19.863 15.132 13.681 13.745 13.487 13.698 13.789 13.507
    9.571858 1.0000000  3.9348 -3.4998 13.280 13.986 13.756 13.623 13.462 19.912 15.152 13.689 13.754 13.494 13.706 13.798 13.514
    9.575088 1.0000000  3.9338 -3.5041 13.290 13.996 13.765 13.631 13.468 19.961 15.171 13.697 13.763 13.501 13.714 13.807 13.521
    9.578289 1.0000000  3.9327 -3.5083 13.301 14.006 13.774 13.639 13.474 20.010 15.190 13.705 13.772 13.507 13.722 13.816 13.527
    9.581286 1.0000000  3.9317 -3.5126 13.311 14.016 13.783 13.646 13.481 20.059 15.210 13.714 13.781 13.514 13.731 13.825 13.534
    9.583575 1.0000000  3.9307 -3.5167 13.321 14.025 13.791 13.654 13.487 20.107 15.229 13.722 13.790 13.520 13.739 13.833 13.540
    9.586721 1.0000000  3.9296 -3.5209 13.331 14.035 13.800 13.661 13.493 20.156 15.248 13.730 13.799 13.527 13.747 13.842 13.547
    9.589677 1.0000000  3.9286 -3.5250 13.342 14.044 13.808 13.668 13.500 20.204 15.268 13.737 13.808 13.533 13.754 13.851 13.553
    9.591920 1.0000000  3.9276 -3.5292 13.352 14.054 13.817 13.676 13.506 20.252 15.288 13.746 13.817 13.540 13.763 13.860 13.560
    9.595041 1.0000000  3.9266 -3.5333 13.362 14.063 13.826 13.683 13.512 20.299 15.308 13.753 13.825 13.547 13.770 13.869 13.566
    9.597945 1.0000000  3.9255 -3.5374 13.373 14.073 13.834 13.691 13.518 20.347 15.327 13.761 13.834 13.553 13.778 13.877 13.573
    9.600140 1.0000000  3.9245 -3.5415 13.383 14.082 13.843 13.698 13.525 20.395 15.347 13.769 13.843 13.559 13.786 13.886 13.579
    9.603218 1.0000000  3.9235 -3.5456 13.393 14.092 13.851 13.706 13.531 20.442 15.367 13.777 13.852 13.566 13.794 13.895 13.586
    9.606085 1.0000000  3.9225 -3.5496 13.403 14.101 13.860 13.713 13.537 20.490 15.387 13.785 13.861 13.572 13.802 13.903 13.592
    9.608230 1.0000000  3.9215 -3.5537 13.414 14.111 13.868 13.720 13.543 20.537 15.407 13.793 13.869 13.579 13.810 13.912 13.599
    9.611254 1.0000000  3.9205 -3.5577 13.424 14.120 13.876 13.727 13.549 20.584 15.427 13.800 13.878 13.585 13.817 13.921 13.605
    9.614083 1.0000000  3.9196 -3.5617 13.434 14.130 13.885 13.735 13.555 20.631 15.447 13.808 13.887 13.591 13.825 13.929 13.611
    9.616187 1.0000000  3.9186 -3.5656 13.444 14.139 13.893 13.742 13.561 20.678 15.466 13.816 13.895 13.598 13.833 13.938 13.617
    9.618984 1.0000000  3.9176 -3.5696 13.454 14.148 13.901 13.749 13.567 20.725 15.486 13.823 13.904 13.604 13.840 13.946 13.624
    9.621066 1.0000000  3.9166 -3.5735 13.464 14.157 13.909 13.756 13.573 20.771 15.506 13.831 13.912 13.610 13.848 13.955 13.630
    9.624029 1.0000000  3.9156 -3.5774 13.475 14.167 13.917 13.763 13.579 20.818 15.526 13.839 13.921 13.616 13.855 13.963 13.636
    9.626797 1.0000000  3.9147 -3.5813 13.485 14.176 13.926 13.770 13.585 20.865 15.546 13.846 13.929 13.622 13.863 13.971 13.642
    9.628843 1.0000000  3.9137 -3.5852 13.495 14.185 13.934 13.777 13.591 20.911 15.566 13.854 13.938 13.629 13.871 13.980 13.648
    9.631588 1.0000000  3.9128 -3.5891 13.505 14.194 13.942 13.784 13.597 20.958 15.586 13.861 13.946 13.635 13.878 13.988 13.654
    9.633598 1.0000000  3.9118 -3.5930 13.515 14.203 13.950 13.791 13.603 21.004 15.606 13.869 13.955 13.641 13.886 13.997 13.661
    9.636506 1.0000000  3.9109 -3.5968 13.525 14.212 13.958 13.798 13.608 21.050 15.626 13.876 13.963 13.647 13.893 14.005 13.667
    9.639219 1.0000000  3.9099 -3.6006 13.535 14.221 13.966 13.805 13.614 21.097 15.646 13.883 13.971 13.653 13.900 14.013 13.673
    9.641182 1.0000000  3.9090 -3.6044 13.545 14.230 13.974 13.811 13.620 21.143 15.666 13.891 13.979 13.659 13.908 14.021 13.679
    9.643883 1.0000000  3.9080 -3.6082 13.555 14.240 13.982 13.818 13.626 21.189 15.686 13.898 13.988 13.665 13.915 14.029 13.685
    9.645831 1.0000000  3.9071 -3.6120 13.565 14.249 13.989 13.825 13.631 21.235 15.706 13.906 13.996 13.671 13.922 14.038 13.691
    9.648502 1.0000000  3.9062 -3.6158 13.575 14.258 13.997 13.832 13.637 21.281 15.726 13.913 14.004 13.678 13.930 14.046 13.697
    9.650425 1.0000000  3.9053 -3.6195 13.585 14.267 14.005 13.839 13.643 21.326 15.746 13.920 14.013 13.683 13.937 14.054 13.703
    9.653247 1.0000000  3.9043 -3.6232 13.595 14.275 14.013 13.845 13.648 21.372 15.766 13.927 14.021 13.689 13.944 14.062 13.708
    9.655892 1.0000000  3.9034 -3.6269 13.605 14.284 14.020 13.852 13.654 21.418 15.786 13.935 14.029 13.695 13.951 14.070 13.714
    9.657772 1.0000000  3.9025 -3.6306 13.614 14.293 14.028 13.859 13.660 21.461 15.806 13.942 14.037 13.701 13.959 14.078 13.720
    9.660419 1.0000000  3.9016 -3.6343 13.625 14.302 14.036 13.866 13.665 21.504 15.827 13.949 14.045 13.707 13.966 14.086 13.726
    9.662288 1.0000000  3.9007 -3.6380 13.635 14.311 14.044 13.872 13.671 21.546 15.847 13.956 14.053 13.713 13.973 14.094 13.732
    9.664907 1.0000000  3.8998 -3.6416 13.645 14.320 14.051 13.879 13.676 21.588 15.868 13.963 14.061 13.719 13.980 14.102 13.737
    9.666742 1.0000000  3.8989 -3.6453 13.655 14.329 14.059 13.886 13.682 21.630 15.889 13.970 14.069 13.724 13.987 14.110 13.743
    9.669341 1.0000000  3.8980 -3.6489 13.665 14.337 14.067 13.892 13.687 21.672 15.909 13.977 14.077 13.730 13.994 14.118 13.749
    9.671165 1.0000000  3.8971 -3.6525 13.675 14.346 14.074 13.899 13.693 21.713 15.930 13.984 14.085 13.736 14.001 14.126 13.755
    9.673742 1.0000000  3.8962 -3.6561 13.685 14.355 14.082 13.905 13.698 21.754 15.950 13.991 14.093 13.742 14.009 14.134 13.760
    9.675532 1.0000000  3.8953 -3.6596 13.694 14.363 14.089 13.912 13.704 21.794 15.971 13.998 14.101 13.747 14.015 14.142 13.766
    9.678085 1.0000000  3.8944 -3.6632 13.704 14.372 14.097 13.918 13.709 21.835 15.992 14.005 14.109 13.753 14.022 14.150 13.772
    9.679860 1.0000000  3.8936 -3.6667 13.714 14.381 14.104 13.924 13.714 21.875 16.012 14.012 14.117 13.758 14.029 14.157 13.777
    9.682390 1.0000000  3.8927 -3.6703 13.724 14.390 14.112 13.931 13.720 21.916 16.033 14.019 14.125 13.764 14.036 14.165 13.783
    9.684134 1.0000000  3.8918 -3.6738 13.734 14.398 14.119 13.937 13.725 21.955 16.054 14.026 14.133 13.770 14.043 14.173 13.789
    9.686638 1.0000000  3.8910 -3.6773 13.744 14.407 14.127 13.944 13.731 21.995 16.075 14.033 14.140 13.775 14.050 14.181 13.794
    9.688218 1.0000000  3.8901 -3.6808 13.754 14.415 14.134 13.950 13.736 22.035 16.095 14.040 14.148 13.781 14.057 14.188 13.800
    9.689934 1.0000000  3.8892 -3.6843 13.764 14.424 14.141 13.957 13.741 22.074 16.116 14.047 14.156 13.786 14.064 14.196 13.805
    9.692408 1.0000000  3.8884 -3.6877 13.774 14.432 14.149 13.963 13.747 22.113 16.137 14.053 14.164 13.792 14.071 14.204 13.811
    9.694105 1.0000000  3.8875 -3.6912 13.784 14.441 14.156 13.969 13.752 22.152 16.158 14.060 14.171 13.797 14.077 14.211 13.816
    9.696562 1.0000000  3.8867 -3.6946 13.794 14.449 14.163 13.975 13.757 22.190 16.179 14.067 14.179 13.803 14.084 14.219 13.822
    9.698229 1.0000000  3.8858 -3.6980 13.803 14.458 14.170 13.981 13.762 22.228 16.200 14.073 14.187 13.808 14.091 14.227 13.827
    9.700654 1.0000000  3.8850 -3.7014 13.813 14.466 14.178 13.988 13.767 22.266 16.220 14.080 14.194 13.813 14.098 14.234 13.832
    9.702306 1.0000000  3.8841 -3.7049 13.823 14.475 14.185 13.994 13.773 22.305 16.242 14.087 14.202 13.819 14.104 14.242 13.838
    9.704722 1.0000000  3.8833 -3.7082 13.833 14.483 14.192 14.000 13.778 22.342 16.262 14.093 14.210 13.824 14.111 14.249 13.843
    9.706213 1.0000000  3.8825 -3.7116 13.843 14.492 14.199 14.006 13.783 22.380 16.283 14.100 14.217 13.830 14.118 14.257 13.849
    9.707839 1.0000000  3.8816 -3.7150 13.853 14.500 14.206 14.013 13.788 22.417 16.305 14.107 14.225 13.835 14.124 14.264 13.854
    9.710226 1.0000000  3.8808 -3.7183 13.863 14.508 14.213 14.019 13.793 22.454 16.326 14.113 14.232 13.840 14.131 14.272 13.859
    9.711841 1.0000000  3.8800 -3.7216 13.872 14.516 14.220 14.025 13.798 22.491 16.346 14.120 14.240 13.845 14.137 14.279 13.864
    9.714212 1.0000000  3.8792 -3.7250 13.882 14.525 14.228 14.031 13.804 22.528 16.368 14.126 14.247 13.851 14.144 14.287 13.870
    9.715672 1.0000000  3.8783 -3.7283 13.892 14.533 14.235 14.037 13.809 22.564 16.389 14.133 14.255 13.856 14.151 14.294 13.875
    9.717252 1.0000000  3.8775 -3.7316 13.902 14.541 14.242 14.043 13.814 22.601 16.410 14.139 14.262 13.861 14.157 14.302 13.880
    9.719594 1.0000000  3.8767 -3.7349 13.912 14.550 14.249 14.049 13.819 22.637 16.431 14.146 14.270 13.867 14.164 14.309 13.886
    9.721155 1.0000000  3.8759 -3.7382 13.922 14.558 14.256 14.055 13.824 22.673 16.452 14.152 14.277 13.872 14.170 14.316 13.891
    9.723475 1.0000000  3.8751 -3.7414 13.931 14.566 14.263 14.061 13.829 22.709 16.473 14.159 14.284 13.877 14.177 14.324 13.896
    9.724893 1.0000000  3.8743 -3.7447 13.941 14.575 14.270 14.067 13.834 22.744 16.495 14.165 14.292 13.882 14.183 14.331 13.901
    9.726428 1.0000000  3.8735 -3.7479 13.951 14.583 14.276 14.073 13.839 22.778 16.517 14.171 14.299 13.887 14.190 14.338 13.906
    9.728724 1.0000000  3.8727 -3.7512 13.961 14.591 14.284 14.079 13.844 22.812 16.539 14.178 14.307 13.892 14.196 14.346 13.912
    9.730235 1.0000000  3.8719 -3.7544 13.971 14.599 14.290 14.085 13.848 22.846 16.561 14.184 14.314 13.898 14.203 14.353 13.917
    9.732510 1.0000000  3.8711 -3.7576 13.981 14.608 14.297 14.090 13.853 22.880 16.582 14.191 14.322 13.903 14.209 14.360 13.922
    9.733889 1.0000000  3.8703 -3.7608 13.991 14.616 14.304 14.096 13.858 22.914 16.604 14.197 14.329 13.908 14.215 14.367 13.927
    9.735378 1.0000000  3.8695 -3.7640 14.001 14.624 14.311 14.102 13.863 22.948 16.626 14.203 14.336 13.913 14.222 14.375 13.932
    9.737627 1.0000000  3.8687 -3.7672 14.011 14.632 14.318 14.108 13.868 22.981 16.649 14.210 14.344 13.918 14.228 14.382 13.937
    9.738988 1.0000000  3.8679 -3.7704 14.021 14.641 14.325 14.114 13.873 23.015 16.671 14.216 14.351 13.923 14.234 14.389 13.942
    9.740453 1.0000000  3.8671 -3.7736 14.031 14.649 14.332 14.120 13.878 23.048 16.693 14.223 14.358 13.928 14.241 14.397 13.947
    9.742677 1.0000000  3.8663 -3.7768 14.041 14.657 14.339 14.126 13.882 23.081 16.716 14.229 14.366 13.933 14.247 14.404 13.952
    9.744016 1.0000000  3.8655 -3.7799 14.051 14.665 14.345 14.131 13.887 23.113 16.738 14.235 14.373 13.938 14.253 14.411 13.957
    9.745448 1.0000000  3.8647 -3.7831 14.061 14.674 14.352 14.137 13.892 23.146 16.761 14.242 14.380 13.943 14.260 14.418 13.962
    9.747657 1.0000000  3.8639 -3.7862 14.071 14.682 14.359 14.143 13.897 23.178 16.783 14.248 14.388 13.948 14.266 14.425 13.967
    9.748981 1.0000000  3.8632 -3.7894 14.081 14.690 14.366 14.149 13.902 23.210 16.806 14.254 14.395 13.953 14.272 14.433 13.972
    9.750407 1.0000000  3.8624 -3.7925 14.091 14.698 14.372 14.154 13.906 23.242 16.828 14.260 14.402 13.958 14.278 14.440 13.977
    9.752596 1.0000000  3.8616 -3.7956 14.101 14.706 14.379 14.160 13.911 23.273 16.851 14.267 14.409 13.963 14.285 14.447 13.982
    9.753898 1.0000000  3.8608 -3.7987 14.111 14.715 14.386 14.166 13.916 23.305 16.873 14.273 14.417 13.968 14.291 14.454 13.987
    9.755294 1.0000000  3.8601 -3.8018 14.121 14.723 14.392 14.171 13.920 23.336 16.896 14.279 14.424 13.973 14.297 14.461 13.992
    9.757453 1.0000000  3.8593 -3.8049 14.131 14.731 14.399 14.177 13.925 23.368 16.919 14.285 14.431 13.978 14.303 14.468 13.997
    9.758741 1.0000000  3.8585 -3.8080 14.141 14.739 14.406 14.183 13.930 23.398 16.942 14.292 14.438 13.983 14.309 14.475 14.002
    9.760125 1.0000000  3.8578 -3.8111 14.151 14.747 14.413 14.188 13.935 23.429 16.965 14.298 14.446 13.988 14.316 14.483 14.007
    9.762262 1.0000000  3.8570 -3.8141 14.161 14.755 14.419 14.194 13.939 23.460 16.987 14.304 14.453 13.993 14.322 14.490 14.011
    9.763519 1.0000000  3.8563 -3.8172 14.171 14.763 14.426 14.200 13.944 23.490 17.010 14.310 14.460 13.998 14.328 14.497 14.016
    9.764874 1.0000000  3.8555 -3.8202 14.181 14.771 14.432 14.205 13.948 23.520 17.033 14.316 14.467 14.003 14.334 14.504 14.021
    9.766991 1.0000000  3.8547 -3.8233 14.191 14.780 14.439 14.211 13.953 23.550 17.056 14.322 14.474 14.008 14.340 14.511 14.026
    9.768244 1.0000000  3.8540 -3.8263 14.201 14.788 14.446 14.216 13.958 23.580 17.079 14.328 14.481 14.012 14.346 14.518 14.031
    9.769570 1.0000000  3.8532 -3.8293 14.211 14.796 14.452 14.222 13.962 23.610 17.102 14.334 14.488 14.017 14.352 14.525 14.036
    9.771667 1.0000000  3.8525 -3.8323 14.221 14.804 14.459 14.227 13.967 23.639 17.126 14.341 14.496 14.022 14.358 14.532 14.040
    9.772893 1.0000000  3.8517 -3.8353 14.231 14.812 14.465 14.233 13.971 23.668 17.149 14.347 14.503 14.027 14.364 14.539 14.045
    9.774123 1.0000000  3.8510 -3.8383 14.241 14.820 14.472 14.238 13.976 23.697 17.172 14.353 14.510 14.032 14.370 14.546 14.050
    9.775431 1.0000000  3.8502 -3.8413 14.252 14.828 14.478 14.244 13.980 23.726 17.195 14.359 14.517 14.036 14.376 14.553 14.055
    9.777498 1.0000000  3.8495 -3.8443 14.262 14.836 14.485 14.249 13.985 23.755 17.218 14.365 14.524 14.041 14.382 14.560 14.060
    9.778702 1.0000000  3.8488 -3.8473 14.272 14.844 14.491 14.255 13.989 23.784 17.242 14.371 14.531 14.046 14.388 14.567 14.064
    9.779985 1.0000000  3.8480 -3.8503 14.282 14.852 14.498 14.260 13.994 23.812 17.265 14.377 14.538 14.051 14.394 14.574 14.069
    9.782032 1.0000000  3.8473 -3.8532 14.292 14.860 14.504 14.266 13.998 23.840 17.288 14.383 14.545 14.056 14.400 14.581 14.074
    9.783230 1.0000000  3.8466 -3.8562 14.302 14.868 14.511 14.271 14.003 23.869 17.312 14.389 14.552 14.061 14.406 14.588 14.079
    9.784415 1.0000000  3.8458 -3.8591 14.312 14.876 14.517 14.276 14.007 23.896 17.335 14.395 14.559 14.065 14.412 14.594 14.083
    9.785667 1.0000000  3.8451 -3.8621 14.322 14.884 14.524 14.282 14.012 23.924 17.359 14.401 14.566 14.070 14.418 14.601 14.088
    9.787700 1.0000000  3.8444 -3.8650 14.333 14.893 14.530 14.287 14.016 23.953 17.383 14.407 14.573 14.075 14.424 14.608 14.093
    9.788875 1.0000000  3.8436 -3.8679 14.343 14.901 14.537 14.293 14.021 23.981 17.406 14.413 14.580 14.079 14.430 14.615 14.097
    9.790045 1.0000000  3.8429 -3.8708 14.353 14.909 14.543 14.298 14.025 24.010 17.430 14.419 14.587 14.084 14.436 14.622 14.102
    9.791292 1.0000000  3.8422 -3.8737 14.364 14.917 14.550 14.304 14.030 24.038 17.454 14.425 14.594 14.089 14.442 14.629 14.107
    9.793302 1.0000000  3.8415 -3.8766 14.374 14.925 14.556 14.309 14.034 24.067 17.478 14.431 14.601 14.093 14.448 14.636 14.111
    9.794454 1.0000000  3.8407 -3.8795 14.385 14.933 14.563 14.314 14.039 24.095 17.502 14.437 14.608 14.098 14.454 14.643 14.116
    9.795605 1.0000000  3.8400 -3.8824 14.395 14.941 14.569 14.320 14.043 24.123 17.526 14.443 14.616 14.103 14.460 14.650 14.121
    9.796814 1.0000000  3.8393 -3.8853 14.406 14.949 14.576 14.325 14.048 24.151 17.550 14.449 14.623 14.108 14.466 14.657 14.125
    9.798811 1.0000000  3.8386 -3.8882 14.416 14.957 14.582 14.331 14.052 24.179 17.574 14.455 14.630 14.112 14.472 14.664 14.130
    9.799939 1.0000000  3.8379 -3.8910 14.427 14.965 14.588 14.336 14.057 24.207 17.598 14.460 14.637 14.117 14.478 14.671 14.135
    9.801068 1.0000000  3.8372 -3.8939 14.437 14.973 14.595 14.342 14.061 24.235 17.623 14.466 14.644 14.122 14.484 14.678 14.139
    9.802251 1.0000000  3.8365 -3.8967 14.448 14.981 14.601 14.347 14.065 24.262 17.647 14.472 14.650 14.126 14.490 14.684 14.144
    9.804219 1.0000000  3.8358 -3.8996 14.458 14.990 14.608 14.352 14.070 24.290 17.671 14.478 14.658 14.131 14.496 14.691 14.149
    9.805335 1.0000000  3.8350 -3.9024 14.469 14.998 14.614 14.358 14.074 24.317 17.695 14.484 14.665 14.135 14.501 14.698 14.153
    9.806448 1.0000000  3.8344 -3.9052 14.479 15.006 14.620 14.363 14.079 24.344 17.720 14.490 14.671 14.140 14.507 14.705 14.158
    9.807609 1.0000000  3.8337 -3.9081 14.490 15.014 14.627 14.368 14.083 24.372 17.744 14.496 14.679 14.145 14.513 14.712 14.163
    9.809555 1.0000000  3.8329 -3.9109 14.501 15.022 14.633 14.374 14.088 24.399 17.768 14.502 14.685 14.149 14.519 14.719 14.167
    9.810644 1.0000000  3.8323 -3.9137 14.511 15.030 14.639 14.379 14.092 24.426 17.793 14.507 14.692 14.154 14.525 14.726 14.172
    9.811740 1.0000000  3.8316 -3.9165 14.522 15.038 14.646 14.384 14.096 24.452 17.817 14.513 14.699 14.158 14.531 14.733 14.176
    9.812884 1.0000000  3.8309 -3.9193 14.533 15.046 14.652 14.390 14.101 24.479 17.842 14.519 14.706 14.163 14.537 14.739 14.181
    9.814811 1.0000000  3.8302 -3.9221 14.543 15.054 14.659 14.395 14.105 24.506 17.866 14.525 14.713 14.168 14.543 14.746 14.185
    9.815885 1.0000000  3.8295 -3.9249 14.554 15.062 14.665 14.400 14.110 24.532 17.891 14.531 14.720 14.172 14.548 14.753 14.190
    9.816953 1.0000000  3.8288 -3.9276 14.565 15.070 14.671 14.405 14.114 24.559 17.915 14.536 14.727 14.177 14.554 14.760 14.194
    9.818022 1.0000000  3.8281 -3.9304 14.575 15.078 14.677 14.411 14.118 24.585 17.940 14.542 14.734 14.181 14.560 14.767 14.199
    9.819139 1.0000000  3.8274 -3.9332 14.586 15.086 14.684 14.416 14.122 24.612 17.965 14.548 14.741 14.186 14.566 14.774 14.204
    9.821039 1.0000000  3.8267 -3.9359 14.597 15.094 14.690 14.421 14.127 24.638 17.989 14.554 14.748 14.190 14.572 14.780 14.208
    9.822099 1.0000000  3.8260 -3.9386 14.607 15.102 14.696 14.426 14.131 24.664 18.014 14.559 14.754 14.195 14.577 14.787 14.212
    9.823146 1.0000000  3.8254 -3.9414 14.618 15.110 14.703 14.432 14.135 24.690 18.039 14.565 14.762 14.199 14.583 14.794 14.217
    9.824197 1.0000000  3.8247 -3.9441 14.629 15.118 14.709 14.437 14.140 24.716 18.064 14.571 14.768 14.204 14.589 14.801 14.221
    9.825285 1.0000000  3.8240 -3.9468 14.640 15.126 14.715 14.442 14.144 24.741 18.088 14.577 14.775 14.208 14.595 14.807 14.226
    9.827174 1.0000000  3.8233 -3.9496 14.651 15.134 14.721 14.447 14.148 24.767 18.114 14.582 14.782 14.213 14.600 14.814 14.230
    9.828215 1.0000000  3.8227 -3.9523 14.661 15.142 14.728 14.453 14.153 24.793 18.138 14.588 14.789 14.217 14.606 14.821 14.235
    9.829259 1.0000000  3.8220 -3.9550 14.672 15.150 14.734 14.458 14.157 24.818 18.163 14.594 14.796 14.221 14.612 14.828 14.239
    9.830325 1.0000000  3.8213 -3.9577 14.683 15.158 14.740 14.463 14.161 24.844 18.188 14.599 14.803 14.226 14.618 14.834 14.244
    9.832184 1.0000000  3.8207 -3.9603 14.693 15.166 14.746 14.468 14.165 24.869 18.213 14.605 14.809 14.230 14.623 14.841 14.248
    9.833208 1.0000000  3.8200 -3.9630 14.704 15.174 14.752 14.473 14.169 24.894 18.238 14.611 14.816 14.235 14.629 14.848 14.252
    9.834229 1.0000000  3.8193 -3.9657 14.715 15.182 14.759 14.478 14.174 24.919 18.263 14.616 14.823 14.239 14.635 14.855 14.257
    9.835251 1.0000000  3.8187 -3.9684 14.726 15.190 14.765 14.484 14.178 24.944 18.288 14.622 14.830 14.244 14.640 14.861 14.261
    9.836264 1.0000000  3.8180 -3.9710 14.737 15.198 14.771 14.489 14.182 24.969 18.313 14.628 14.836 14.248 14.646 14.868 14.266
    9.837306 1.0000000  3.8173 -3.9737 14.748 15.206 14.777 14.494 14.186 24.994 18.338 14.633 14.843 14.252 14.652 14.875 14.270
    9.839138 1.0000000  3.8167 -3.9763 14.758 15.214 14.783 14.499 14.190 25.018 18.363 14.639 14.850 14.257 14.657 14.881 14.274
    9.840145 1.0000000  3.8160 -3.9790 14.769 15.222 14.789 14.504 14.195 25.043 18.388 14.644 14.857 14.261 14.663 14.888 14.279
    9.841134 1.0000000  3.8154 -3.9816 14.780 15.230 14.795 14.509 14.199 25.068 18.413 14.650 14.863 14.265 14.669 14.895 14.283
    9.842134 1.0000000  3.8147 -3.9842 14.791 15.238 14.801 14.514 14.203 25.092 18.438 14.655 14.870 14.270 14.674 14.901 14.287
    9.843166 1.0000000  3.8141 -3.9868 14.802 15.246 14.808 14.519 14.207 25.116 18.463 14.661 14.877 14.274 14.680 14.908 14.292
    9.844976 1.0000000  3.8134 -3.9894 14.812 15.254 14.814 14.524 14.211 25.140 18.488 14.667 14.884 14.278 14.685 14.914 14.296
    9.845958 1.0000000  3.8128 -3.9920 14.823 15.261 14.820 14.529 14.215 25.165 18.513 14.672 14.890 14.282 14.691 14.921 14.300
    9.846925 1.0000000  3.8121 -3.9946 14.835 15.270 14.826 14.534 14.220 25.190 18.537 14.678 14.897 14.287 14.697 14.928 14.305
    9.847907 1.0000000  3.8115 -3.9972 14.846 15.278 14.832 14.540 14.224 25.215 18.561 14.683 14.904 14.291 14.702 14.934 14.309
    9.848878 1.0000000  3.8108 -3.9998 14.857 15.286 14.838 14.545 14.228 25.239 18.585 14.689 14.911 14.296 14.708 14.941 14.314
    9.849874 1.0000000  3.8102 -4.0024 14.868 15.294 14.845 14.550 14.232 25.264 18.609 14.695 14.918 14.300 14.714 14.948 14.318
    9.851461 1.0000000  3.8096 -4.0049 14.879 15.302 14.851 14.555 14.236 25.289 18.632 14.700 14.924 14.305 14.719 14.954 14.322
    9.852415 1.0000000  3.8089 -4.0075 14.891 15.310 14.857 14.560 14.241 25.314 18.656 14.706 14.931 14.309 14.725 14.961 14.327
    9.853375 1.0000000  3.8083 -4.0101 14.902 15.318 14.863 14.565 14.245 25.338 18.680 14.712 14.938 14.314 14.731 14.968 14.331
    9.854336 1.0000000  3.8077 -4.0126 14.913 15.326 14.869 14.570 14.249 25.363 18.704 14.717 14.945 14.318 14.736 14.975 14.336
    9.855703 1.0000000  3.8070 -4.0152 14.924 15.334 14.875 14.576 14.253 25.387 18.727 14.723 14.952 14.322 14.742 14.981 14.340
    9.856656 1.0000000  3.8064 -4.0177 14.936 15.342 14.881 14.581 14.257 25.412 18.751 14.728 14.958 14.327 14.748 14.988 14.344
    9.857614 1.0000000  3.8058 -4.0202 14.947 15.350 14.887 14.586 14.262 25.436 18.774 14.734 14.965 14.331 14.753 14.995 14.349
    9.858975 1.0000000  3.8051 -4.0227 14.958 15.358 14.894 14.591 14.266 25.460 18.798 14.740 14.972 14.335 14.759 15.001 14.353
    9.859911 1.0000000  3.8045 -4.0252 14.969 15.366 14.900 14.596 14.270 25.484 18.821 14.745 14.978 14.340 14.764 15.008 14.357
    9.860856 1.0000000  3.8039 -4.0278 14.981 15.374 14.906 14.601 14.274 25.509 18.845 14.751 14.985 14.344 14.770 15.015 14.362
    9.862198 1.0000000  3.8033 -4.0303 14.992 15.382 14.912 14.606 14.278 25.533 18.869 14.756 14.992 14.349 14.776 15.021 14.366
    9.863128 1.0000000  3.8026 -4.0328 15.004 15.391 14.918 14.611 14.283 25.557 18.892 14.762 14.999 14.353 14.781 15.028 14.371
    9.864061 1.0000000  3.8020 -4.0352 15.015 15.398 14.924 14.616 14.286 25.581 18.915 14.767 15.005 14.357 14.786 15.034 14.375
    9.865398 1.0000000  3.8014 -4.0377 15.026 15.406 14.930 14.621 14.291 25.605 18.939 14.773 15.012 14.362 14.792 15.041 14.379
    9.866316 1.0000000  3.8008 -4.0402 15.038 15.415 14.936 14.626 14.295 25.629 18.962 14.779 15.019 14.366 14.798 15.048 14.383
    9.867227 1.0000000  3.8002 -4.0427 15.049 15.423 14.942 14.631 14.299 25.653 18.986 14.784 15.026 14.370 14.803 15.054 14.388
    9.868157 1.0000000  3.7996 -4.0452 15.060 15.431 14.949 14.637 14.303 25.676 19.009 14.790 15.033 14.375 14.809 15.061 14.392
    9.869488 1.0000000  3.7990 -4.0476 15.072 15.439 14.955 14.641 14.307 25.700 19.032 14.795 15.039 14.379 14.814 15.068 14.396
    9.870402 1.0000000  3.7983 -4.0501 15.083 15.447 14.961 14.647 14.311 25.724 19.056 14.801 15.046 14.383 14.820 15.074 14.401
    9.871318 1.0000000  3.7977 -4.0525 15.095 15.455 14.967 14.652 14.315 25.747 19.079 14.806 15.053 14.388 14.825 15.081 14.405
    9.872640 1.0000000  3.7971 -4.0550 15.106 15.463 14.973 14.657 14.320 25.771 19.102 14.812 15.059 14.392 14.831 15.088 14.410
    9.873543 1.0000000  3.7965 -4.0574 15.118 15.471 14.979 14.662 14.324 25.795 19.125 14.817 15.066 14.396 14.837 15.094 14.414
    9.874443 1.0000000  3.7959 -4.0598 15.129 15.479 14.985 14.667 14.328 25.818 19.148 14.823 15.073 14.401 14.842 15.101 14.418
    9.875351 1.0000000  3.7953 -4.0623 15.141 15.487 14.991 14.672 14.332 25.842 19.172 14.828 15.080 14.405 14.848 15.107 14.422
    9.876556 1.0000000  3.7947 -4.0647 15.152 15.495 14.997 14.677 14.336 25.865 19.195 14.834 15.086 14.409 14.853 15.114 14.427
    9.877450 1.0000000  3.7941 -4.0671 15.164 15.503 15.003 14.682 14.340 25.888 19.218 14.839 15.093 14.414 14.859 15.120 14.431
    9.878547 1.0000000  3.7935 -4.0695 15.175 15.511 15.009 14.687 14.344 25.912 19.241 14.845 15.099 14.418 14.864 15.127 14.435
    9.879436 1.0000000  3.7929 -4.0719 15.187 15.519 15.015 14.692 14.348 25.935 19.264 14.850 15.106 14.422 14.869 15.134 14.439
    9.880526 1.0000000  3.7923 -4.0743 15.198 15.527 15.021 14.697 14.352 25.958 19.287 14.856 15.113 14.427 14.875 15.140 14.444
    9.881404 1.0000000  3.7917 -4.0767 15.210 15.535 15.027 14.702 14.356 25.981 19.310 14.861 15.120 14.431 14.880 15.147 14.448
    9.882491 1.0000000  3.7911 -4.0791 15.221 15.543 15.033 14.707 14.361 26.005 19.333 14.867 15.126 14.435 14.886 15.153 14.452
    9.883373 1.0000000  3.7905 -4.0815 15.233 15.551 15.039 14.712 14.365 26.028 19.356 14.872 15.133 14.440 14.891 15.160 14.457
    9.884450 1.0000000  3.7899 -4.0839 15.245 15.559 15.045 14.717 14.369 26.051 19.379 14.878 15.140 14.444 14.897 15.167 14.461
    9.885323 1.0000000  3.7894 -4.0862 15.256 15.567 15.051 14.722 14.373 26.074 19.402 14.883 15.146 14.448 14.902 15.173 14.465
    9.886403 1.0000000  3.7888 -4.0886 15.268 15.575 15.057 14.727 14.377 26.097 19.425 14.889 15.153 14.452 14.908 15.180 14.469
    9.887270 1.0000000  3.7882 -4.0910 15.280 15.584 15.063 14.732 14.381 26.119 19.447 14.894 15.160 14.457 14.913 15.186 14.474
    9.888337 1.0000000  3.7876 -4.0933 15.291 15.591 15.069 14.737 14.385 26.142 19.470 14.900 15.166 14.461 14.919 15.193 14.478
    9.889195 1.0000000  3.7870 -4.0957 15.303 15.600 15.075 14.742 14.389 26.165 19.493 14.905 15.173 14.465 14.924 15.199 14.482
    9.890262 1.0000000  3.7864 -4.0980 15.314 15.608 15.081 14.746 14.393 26.188 19.516 14.911 15.179 14.470 14.930 15.206 14.486
    9.891121 1.0000000  3.7858 -4.1004 15.326 15.616 15.087 14.752 14.397 26.211 19.539 14.916 15.186 14.474 14.935 15.212 14.491
    9.892181 1.0000000  3.7853 -4.1027 15.338 15.624 15.093 14.756 14.401 26.233 19.561 14.921 15.193 14.478 14.940 15.219 14.495
    9.893033 1.0000000  3.7847 -4.1050 15.349 15.632 15.099 14.761 14.405 26.255 19.584 14.927 15.199 14.482 14.946 15.225 14.499
    9.894098 1.0000000  3.7841 -4.1073 15.361 15.640 15.105 14.766 14.409 26.278 19.606 14.932 15.206 14.486 14.951 15.232 14.503
    9.894942 1.0000000  3.7835 -4.1097 15.373 15.648 15.111 14.771 14.413 26.301 19.629 14.938 15.213 14.491 14.957 15.238 14.508
    9.895998 1.0000000  3.7830 -4.1120 15.385 15.656 15.117 14.776 14.417 26.323 19.652 14.943 15.219 14.495 14.962 15.245 14.512
    9.896832 1.0000000  3.7824 -4.1143 15.396 15.664 15.123 14.781 14.421 26.345 19.674 14.949 15.226 14.499 14.968 15.251 14.516
    9.897892 1.0000000  3.7818 -4.1166 15.408 15.672 15.129 14.786 14.425 26.368 19.697 14.954 15.232 14.504 14.973 15.258 14.520
    9.898718 1.0000000  3.7812 -4.1189 15.420 15.680 15.135 14.791 14.429 26.390 19.719 14.959 15.239 14.508 14.978 15.264 14.524
    9.899768 1.0000000  3.7807 -4.1212 15.431 15.688 15.141 14.796 14.433 26.412 19.742 14.965 15.246 14.512 14.984 15.271 14.528
    9.900603 1.0000000  3.7801 -4.1234 15.443 15.696 15.146 14.801 14.437 26.434 19.764 14.970 15.252 14.516 14.989 15.277 14.532
    9.901640 1.0000000  3.7795 -4.1257 15.455 15.704 15.152 14.805 14.441 26.456 19.787 14.975 15.259 14.520 14.994 15.284 14.537
    9.902473 1.0000000  3.7790 -4.1280 15.467 15.712 15.158 14.810 14.445 26.479 19.809 14.981 15.265 14.525 15.000 15.290 14.541
    9.903506 1.0000000  3.7784 -4.1302 15.478 15.720 15.164 14.815 14.449 26.501 19.831 14.986 15.272 14.529 15.005 15.296 14.545
    9.904340 1.0000000  3.7779 -4.1325 15.490 15.728 15.170 14.820 14.453 26.523 19.853 14.992 15.278 14.533 15.010 15.303 14.549
    9.905157 1.0000000  3.7773 -4.1347 15.501 15.736 15.176 14.825 14.457 26.544 19.874 14.997 15.285 14.537 15.016 15.309 14.553
    9.906194 1.0000000  3.7767 -4.1370 15.513 15.744 15.182 14.830 14.461 26.566 19.895 15.002 15.291 14.542 15.021 15.316 14.558
    9.907017 1.0000000  3.7762 -4.1392 15.524 15.752 15.188 14.835 14.465 26.588 19.916 15.008 15.298 14.546 15.026 15.322 14.562
    9.908049 1.0000000  3.7756 -4.1415 15.536 15.760 15.194 14.840 14.469 26.609 19.937 15.013 15.305 14.550 15.032 15.329 14.566
    9.908861 1.0000000  3.7751 -4.1437 15.547 15.768 15.200 14.845 14.473 26.631 19.958 15.018 15.311 14.554 15.037 15.335 14.570
    9.909683 1.0000000  3.7745 -4.1459 15.559 15.776 15.206 14.850 14.477 26.652 19.978 15.024 15.318 14.559 15.043 15.342 14.575
    9.910699 1.0000000  3.7740 -4.1481 15.570 15.784 15.212 14.855 14.481 26.674 19.999 15.029 15.324 14.563 15.048 15.348 14.579
    9.911515 1.0000000  3.7734 -4.1503 15.582 15.792 15.218 14.859 14.485 26.695 20.019 15.034 15.331 14.567 15.053 15.355 14.583
    9.912533 1.0000000  3.7729 -4.1525 15.593 15.800 15.223 14.864 14.489 26.716 20.040 15.040 15.337 14.571 15.059 15.361 14.587
    9.913337 1.0000000  3.7723 -4.1547 15.605 15.808 15.229 14.869 14.493 26.738 20.060 15.045 15.344 14.575 15.064 15.367 14.591
    9.914359 1.0000000  3.7718 -4.1569 15.616 15.816 15.235 14.874 14.497 26.759 20.080 15.051 15.350 14.580 15.069 15.374 14.596
    9.915166 1.0000000  3.7713 -4.1591 15.627 15.824 15.241 14.879 14.502 26.780 20.101 15.056 15.357 14.584 15.075 15.380 14.600
    9.915967 1.0000000  3.7707 -4.1613 15.639 15.832 15.247 14.884 14.506 26.801 20.121 15.061 15.363 14.588 15.080 15.387 14.604
    9.916986 1.0000000  3.7702 -4.1634 15.650 15.840 15.253 14.889 14.509 26.822 20.141 15.066 15.370 14.592 15.085 15.393 14.608
    9.917776 1.0000000  3.7696 -4.1656 15.662 15.848 15.259 14.894 14.513 26.843 20.161 15.072 15.376 14.596 15.091 15.399 14.612
    9.918582 1.0000000  3.7691 -4.1677 15.673 15.856 15.265 14.898 14.517 26.864 20.181 15.077 15.382 14.601 15.096 15.406 14.616
    9.919585 1.0000000  3.7686 -4.1699 15.684 15.864 15.271 14.903 14.521 26.885 20.201 15.082 15.389 14.605 15.101 15.412 14.621
    9.920375 1.0000000  3.7680 -4.1720 15.696 15.872 15.276 14.908 14.525 26.905 20.221 15.088 15.395 14.609 15.106 15.418 14.625
    9.921384 1.0000000  3.7675 -4.1742 15.707 15.880 15.282 14.913 14.529 26.926 20.240 15.093 15.402 14.613 15.112 15.425 14.629
    9.922177 1.0000000  3.7670 -4.1763 15.718 15.888 15.288 14.918 14.533 26.946 20.260 15.098 15.408 14.617 15.117 15.431 14.633
    9.922968 1.0000000  3.7665 -4.1784 15.730 15.895 15.294 14.923 14.537 26.967 20.280 15.103 15.415 14.621 15.122 15.437 14.637
    9.923969 1.0000000  3.7659 -4.1805 15.741 15.903 15.300 14.927 14.541 26.987 20.299 15.109 15.421 14.626 15.127 15.444 14.641
    9.924755 1.0000000  3.7654 -4.1826 15.752 15.911 15.305 14.932 14.545 27.008 20.318 15.114 15.427 14.630 15.133 15.450 14.645
    9.925536 1.0000000  3.7649 -4.1847 15.763 15.919 15.311 14.937 14.549 27.028 20.338 15.119 15.434 14.634 15.138 15.456 14.649
    9.926537 1.0000000  3.7644 -4.1868 15.775 15.927 15.317 14.942 14.553 27.048 20.357 15.124 15.440 14.638 15.143 15.463 14.654
    9.927314 1.0000000  3.7639 -4.1889 15.786 15.935 15.323 14.947 14.557 27.068 20.376 15.129 15.446 14.642 15.148 15.469 14.658
    9.928309 1.0000000  3.7633 -4.1909 15.797 15.943 15.328 14.951 14.561 27.088 20.395 15.134 15.452 14.646 15.153 15.475 14.662
    9.929086 1.0000000  3.7628 -4.1930 15.808 15.950 15.334 14.956 14.565 27.108 20.414 15.140 15.459 14.650 15.159 15.481 14.666
    9.929866 1.0000000  3.7623 -4.1951 15.819 15.958 15.340 14.961 14.569 27.128 20.433 15.145 15.465 14.654 15.164 15.488 14.670
    9.930850 1.0000000  3.7618 -4.1971 15.830 15.966 15.345 14.966 14.572 27.148 20.452 15.150 15.471 14.658 15.169 15.494 14.674
    9.931632 1.0000000  3.7613 -4.1991 15.841 15.974 15.351 14.970 14.576 27.168 20.470 15.155 15.477 14.662 15.174 15.500 14.678
    9.932401 1.0000000  3.7608 -4.2012 15.853 15.982 15.357 14.975 14.580 27.187 20.489 15.160 15.484 14.666 15.179 15.506 14.682
    9.933378 1.0000000  3.7603 -4.2032 15.864 15.989 15.363 14.980 14.584 27.207 20.508 15.165 15.490 14.670 15.184 15.512 14.686
    9.934150 1.0000000  3.7598 -4.2052 15.875 15.997 15.368 14.984 14.588 27.226 20.526 15.170 15.496 14.674 15.189 15.518 14.690
    9.934923 1.0000000  3.7593 -4.2072 15.886 16.005 15.374 14.989 14.592 27.246 20.544 15.175 15.502 14.678 15.194 15.524 14.694
    9.935894 1.0000000  3.7588 -4.2092 15.896 16.012 15.379 14.994 14.596 27.265 20.563 15.181 15.508 14.682 15.199 15.530 14.698
    9.936665 1.0000000  3.7583 -4.2112 15.908 16.020 15.385 14.998 14.599 27.285 20.581 15.186 15.515 14.686 15.204 15.537 14.702
    9.937427 1.0000000  3.7578 -4.2132 15.918 16.028 15.391 15.003 14.603 27.304 20.599 15.191 15.521 14.691 15.209 15.543 14.706
    9.938404 1.0000000  3.7573 -4.2151 15.929 16.035 15.396 15.007 14.607 27.323 20.617 15.195 15.527 14.694 15.214 15.548 14.710
    9.939166 1.0000000  3.7569 -4.2171 15.940 16.043 15.402 15.012 14.611 27.342 20.635 15.201 15.533 14.698 15.219 15.555 14.714
    9.939920 1.0000000  3.7564 -4.2190 15.951 16.050 15.407 15.016 14.614 27.360 20.652 15.205 15.539 14.702 15.224 15.560 14.718
    9.940837 1.0000000  3.7559 -4.2210 15.962 16.058 15.413 15.021 14.618 27.379 20.670 15.210 15.545 14.706 15.229 15.567 14.722
    9.941599 1.0000000  3.7554 -4.2229 15.972 16.065 15.418 15.026 14.622 27.398 20.688 15.215 15.551 14.710 15.234 15.572 14.726
    9.942356 1.0000000  3.7549 -4.2248 15.983 16.073 15.423 15.030 14.626 27.416 20.705 15.220 15.557 14.714 15.239 15.578 14.729
    9.943209 1.0000000  3.7545 -4.2267 15.994 16.080 15.429 15.035 14.629 27.435 20.722 15.225 15.563 14.718 15.244 15.584 14.733
    9.944075 1.0000000  3.7540 -4.2286 16.004 16.088 15.434 15.039 14.633 27.453 20.740 15.230 15.569 14.722 15.249 15.590 14.737
    9.944827 1.0000000  3.7535 -4.2305 16.015 16.095 15.440 15.044 14.637 27.472 20.757 15.235 15.575 14.726 15.254 15.596 14.741
    9.945678 1.0000000  3.7531 -4.2324 16.025 16.103 15.445 15.048 14.640 27.490 20.774 15.240 15.581 14.729 15.259 15.602 14.745
    9.946535 1.0000000  3.7526 -4.2343 16.036 16.110 15.451 15.053 14.644 27.508 20.791 15.245 15.587 14.733 15.263 15.608 14.749
    9.947286 1.0000000  3.7521 -4.2361 16.046 16.117 15.456 15.057 14.648 27.526 20.808 15.249 15.592 14.737 15.268 15.613 14.752
    9.948132 1.0000000  3.7517 -4.2379 16.057 16.124 15.461 15.061 14.651 27.544 20.824 15.254 15.598 14.741 15.273 15.619 14.756
    9.948879 1.0000000  3.7512 -4.2398 16.067 16.132 15.466 15.066 14.655 27.561 20.841 15.259 15.604 14.745 15.278 15.625 14.760
    9.949720 1.0000000  3.7508 -4.2416 16.077 16.139 15.472 15.070 14.658 27.579 20.858 15.263 15.610 14.748 15.282 15.631 14.764
    9.950578 1.0000000  3.7503 -4.2434 16.088 16.146 15.477 15.074 14.662 27.597 20.874 15.268 15.615 14.752 15.287 15.636 14.767
    9.951312 1.0000000  3.7499 -4.2452 16.098 16.153 15.482 15.079 14.665 27.614 20.890 15.273 15.621 14.756 15.292 15.642 14.771
    9.952156 1.0000000  3.7494 -4.2470 16.108 16.160 15.487 15.083 14.669 27.631 20.907 15.277 15.627 14.759 15.296 15.647 14.775
    9.952895 1.0000000  3.7490 -4.2487 16.118 16.167 15.492 15.087 14.672 27.648 20.922 15.282 15.632 14.763 15.301 15.653 14.778
    9.953731 1.0000000  3.7486 -4.2505 16.128 16.174 15.497 15.091 14.676 27.665 20.938 15.287 15.638 14.767 15.305 15.658 14.782
    9.954470 1.0000000  3.7481 -4.2522 16.138 16.181 15.502 15.095 14.679 27.682 20.954 15.291 15.643 14.770 15.310 15.664 14.785
    9.955311 1.0000000  3.7477 -4.2540 16.148 16.188 15.507 15.100 14.683 27.699 20.970 15.296 15.649 14.774 15.315 15.669 14.789
    9.956145 1.0000000  3.7473 -4.2557 16.158 16.195 15.512 15.104 14.686 27.716 20.985 15.300 15.654 14.777 15.319 15.675 14.793
    9.956877 1.0000000  3.7469 -4.2574 16.167 16.202 15.517 15.108 14.689 27.732 21.000 15.305 15.660 14.781 15.323 15.680 14.796
    9.957710 1.0000000  3.7464 -4.2591 16.177 16.209 15.522 15.112 14.693 27.749 21.016 15.309 15.665 14.784 15.328 15.686 14.800
    9.958441 1.0000000  3.7460 -4.2607 16.187 16.216 15.527 15.116 14.696 27.764 21.031 15.313 15.670 14.788 15.332 15.691 14.803
    9.959274 1.0000000  3.7456 -4.2624 16.196 16.222 15.532 15.120 14.699 27.781 21.046 15.318 15.676 14.791 15.337 15.696 14.806
    9.959995 1.0000000  3.7452 -4.2641 16.206 16.229 15.537 15.124 14.703 27.797 21.061 15.322 15.681 14.795 15.341 15.701 14.810
    9.960823 1.0000000  3.7448 -4.2657 16.215 16.236 15.542 15.128 14.706 27.813 21.075 15.326 15.686 14.798 15.345 15.707 14.813
    9.961551 1.0000000  3.7444 -4.2673 16.225 16.242 15.546 15.132 14.709 27.828 21.090 15.331 15.691 14.802 15.349 15.712 14.817
    9.962380 1.0000000  3.7440 -4.2689 16.234 16.249 15.551 15.136 14.712 27.844 21.104 15.335 15.696 14.805 15.354 15.717 14.820
    9.963095 1.0000000  3.7436 -4.2705 16.243 16.255 15.556 15.140 14.716 27.859 21.118 15.339 15.702 14.808 15.358 15.722 14.823
    9.963913 1.0000000  3.7432 -4.2721 16.252 16.262 15.560 15.143 14.719 27.875 21.133 15.343 15.707 14.812 15.362 15.727 14.827
    9.964635 1.0000000  3.7428 -4.2737 16.262 16.268 15.565 15.147 14.722 27.890 21.147 15.347 15.712 14.815 15.366 15.732 14.830
    9.965462 1.0000000  3.7424 -4.2753 16.271 16.275 15.570 15.151 14.725 27.905 21.161 15.352 15.717 14.818 15.371 15.737 14.833
    9.966179 1.0000000  3.7420 -4.2768 16.280 16.281 15.574 15.155 14.728 27.920 21.175 15.356 15.722 14.822 15.375 15.742 14.837
    9.966993 1.0000000  3.7417 -4.2784 16.289 16.287 15.579 15.159 14.732 27.935 21.189 15.360 15.727 14.825 15.379 15.747 14.840
    9.967702 1.0000000  3.7413 -4.2799 16.298 16.294 15.583 15.163 14.735 27.950 21.203 15.364 15.732 14.828 15.383 15.752 14.843
    9.968524 1.0000000  3.7409 -4.2814 16.307 16.300 15.588 15.166 14.738 27.964 21.216 15.368 15.737 14.831 15.387 15.757 14.846
    9.969229 1.0000000  3.7405 -4.2829 16.315 16.306 15.592 15.170 14.741 27.979 21.230 15.372 15.742 14.834 15.391 15.762 14.849
    9.970041 1.0000000  3.7402 -4.2844 16.324 16.312 15.597 15.174 14.744 27.995 21.243 15.376 15.747 14.838 15.395 15.766 14.853
    9.970751 1.0000000  3.7398 -4.2859 16.333 16.318 15.601 15.177 14.747 28.012 21.257 15.380 15.751 14.841 15.399 15.771 14.856
    9.971559 1.0000000  3.7394 -4.2874 16.341 16.324 15.606 15.181 14.750 28.028 21.271 15.384 15.756 14.844 15.403 15.776 14.859
    9.972270 1.0000000  3.7391 -4.2889 16.350 16.330 15.610 15.185 14.753 28.045 21.285 15.388 15.761 14.847 15.407 15.781 14.862
    9.973076 1.0000000  3.7387 -4.2904 16.358 16.336 15.614 15.188 14.756 28.062 21.299 15.392 15.766 14.850 15.411 15.785 14.865
    9.973780 1.0000000  3.7384 -4.2918 16.366 16.342 15.619 15.192 14.759 28.078 21.312 15.395 15.770 14.853 15.414 15.790 14.868
    9.974587 1.0000000  3.7380 -4.2933 16.375 16.348 15.623 15.195 14.762 28.095 21.326 15.399 15.775 14.856 15.418 15.795 14.871
    9.975285 1.0000000  3.7376 -4.2947 16.383 16.354 15.627 15.199 14.764 28.111 21.339 15.403 15.780 14.859 15.422 15.799 14.874
    9.976085 1.0000000  3.7373 -4.2961 16.391 16.360 15.631 15.202 14.767 28.127 21.353 15.407 15.784 14.862 15.426 15.804 14.877
    9.976786 1.0000000  3.7369 -4.2975 16.399 16.365 15.636 15.206 14.770 28.143 21.366 15.410 15.789 14.865 15.429 15.808 14.880
    9.977583 1.0000000  3.7366 -4.2989 16.407 16.371 15.640 15.209 14.773 28.159 21.379 15.414 15.793 14.868 15.433 15.813 14.883
    9.978278 1.0000000  3.7363 -4.3003 16.415 16.377 15.644 15.213 14.776 28.175 21.392 15.418 15.798 14.871 15.437 15.817 14.886
    9.978976 1.0000000  3.7359 -4.3017 16.423 16.383 15.648 15.216 14.779 28.191 21.405 15.421 15.802 14.874 15.441 15.821 14.889
    9.979770 1.0000000  3.7356 -4.3031 16.431 16.388 15.652 15.220 14.781 28.207 21.418 15.425 15.807 14.877 15.444 15.826 14.892
    9.980465 1.0000000  3.7352 -4.3044 16.439 16.394 15.656 15.223 14.784 28.223 21.431 15.429 15.811 14.880 15.448 15.830 14.895
    9.981255 1.0000000  3.7349 -4.3058 16.447 16.399 15.660 15.226 14.787 28.238 21.443 15.432 15.816 14.883 15.451 15.835 14.898
    9.981945 1.0000000  3.7346 -4.3071 16.455 16.405 15.664 15.230 14.790 28.254 21.456 15.436 15.820 14.886 15.455 15.839 14.901
    9.982732 1.0000000  3.7342 -4.3084 16.462 16.410 15.668 15.233 14.792 28.269 21.468 15.439 15.824 14.888 15.458 15.843 14.903
    9.983420 1.0000000  3.7339 -4.3098 16.470 16.416 15.672 15.236 14.795 28.285 21.481 15.443 15.829 14.891 15.462 15.847 14.906
    9.984209 1.0000000  3.7336 -4.3111 16.478 16.421 15.676 15.239 14.798 28.300 21.493 15.446 15.833 14.894 15.466 15.852 14.909
    9.984898 1.0000000  3.7333 -4.3124 16.485 16.427 15.680 15.243 14.800 28.316 21.506 15.450 15.837 14.897 15.469 15.856 14.912
    9.985579 1.0000000  3.7330 -4.3137 16.493 16.432 15.684 15.246 14.803 28.331 21.518 15.453 15.841 14.900 15.473 15.860 14.915
    9.986361 1.0000000  3.7326 -4.3150 16.500 16.438 15.688 15.249 14.806 28.346 21.530 15.457 15.845 14.903 15.476 15.864 14.918
    9.987041 1.0000000  3.7323 -4.3162 16.507 16.443 15.692 15.252 14.808 28.361 21.542 15.460 15.849 14.905 15.479 15.868 14.920
    9.987828 1.0000000  3.7320 -4.3175 16.515 16.448 15.696 15.255 14.811 28.376 21.554 15.463 15.854 14.908 15.483 15.872 14.923
    9.988503 1.0000000  3.7317 -4.3188 16.522 16.453 15.699 15.259 14.814 28.391 21.566 15.467 15.858 14.911 15.486 15.876 14.926
    9.989287 1.0000000  3.7314 -4.3200 16.529 16.458 15.703 15.262 14.816 28.406 21.578 15.470 15.862 14.913 15.489 15.880 14.928
    9.989957 1.0000000  3.7311 -4.3213 16.537 16.464 15.707 15.265 14.819 28.421 21.590 15.474 15.866 14.916 15.493 15.885 14.931
    9.990635 1.0000000  3.7308 -4.3225 16.544 16.469 15.711 15.268 14.821 28.436 21.601 15.477 15.870 14.919 15.496 15.888 14.934
    9.991414 1.0000000  3.7305 -4.3238 16.551 16.474 15.715 15.271 14.824 28.451 21.613 15.480 15.874 14.922 15.500 15.893 14.937
    9.992085 1.0000000  3.7302 -4.3250 16.558 16.479 15.718 15.274 14.826 28.465 21.624 15.484 15.878 14.924 15.503 15.897 14.939
    9.992863 1.0000000  3.7299 -4.3262 16.565 16.484 15.722 15.277 14.829 28.480 21.636 15.487 15.882 14.927 15.506 15.900 14.942
    9.993528 1.0000000  3.7296 -4.3274 16.573 16.489 15.726 15.280 14.831 28.494 21.647 15.490 15.886 14.929 15.509 15.904 14.944
    9.994210 1.0000000  3.7293 -4.3286 16.580 16.494 15.729 15.283 14.834 28.509 21.659 15.493 15.890 14.932 15.513 15.908 14.947
    9.994972 1.0000000  3.7290 -4.3298 16.587 16.499 15.733 15.286 14.836 28.523 21.670 15.496 15.894 14.934 15.516 15.912 14.949
    9.995641 1.0000000  3.7287 -4.3310 16.594 16.504 15.736 15.289 14.839 28.538 21.681 15.500 15.898 14.937 15.519 15.916 14.952
    9.996406 1.0000000  3.7284 -4.3322 16.601 16.509 15.740 15.292 14.841 28.552 21.693 15.503 15.902 14.940 15.522 15.920 14.955
    9.997073 1.0000000  3.7281 -4.3333 16.607 16.514 15.744 15.295 14.843 28.566 21.704 15.506 15.905 14.942 15.525 15.924 14.957
    9.997738 1.0000000  3.7278 -4.3345 16.614 16.519 15.747 15.298 14.846 28.580 21.715 15.509 15.909 14.945 15.529 15.927 14.960
    9.998495 1.0000000  3.7275 -4.3357 16.621 16.524 15.751 15.301 14.848 28.595 21.726 15.512 15.913 14.947 15.532 15.931 14.962
    9.999165 1.0000000  3.7273 -4.3368 16.628 16.529 15.754 15.304 14.851 28.608 21.736 15.515 15.917 14.950 15.535 15.935 14.965
    9.999925 1.0000000  3.7270 -4.3380 16.634 16.534 15.758 15.307 14.853 28.623 21.747 15.519 15.921 14.952 15.538 15.939 14.967
   10.000579 1.0000000  3.7267 -4.3391 16.641 16.538 15.761 15.310 14.855 28.637 21.758 15.522 15.925 14.955 15.541 15.942 14.970
   10.001251 1.0000000  3.7264 -4.3402 16.648 16.543 15.765 15.312 14.858 28.650 21.769 15.524 15.928 14.957 15.544 15.946 14.972
   10.002004 1.0000000  3.7261 -4.3414 16.655 16.548 15.768 15.316 14.860 28.664 21.780 15.528 15.932 14.960 15.547 15.950 14.975
   10.002658 1.0000000  3.7258 -4.3425 16.661 16.553 15.772 15.318 14.863 28.678 21.790 15.531 15.936 14.962 15.550 15.954 14.977
   10.003322 1.0000000  3.7256 -4.3436 16.668 16.557 15.775 15.321 14.865 28.692 21.801 15.534 15.939 14.964 15.553 15.957 14.979
   10.004066 1.0000000  3.7253 -4.3447 16.674 16.562 15.778 15.324 14.867 28.705 21.811 15.537 15.943 14.967 15.556 15.961 14.982
   10.004724 1.0000000  3.7250 -4.3458 16.681 16.567 15.782 15.327 14.869 28.719 21.822 15.540 15.947 14.969 15.559 15.964 14.984
   10.005474 1.0000000  3.7248 -4.3469 16.687 16.571 15.785 15.329 14.872 28.733 21.832 15.543 15.950 14.972 15.562 15.968 14.987
   10.006127 1.0000000  3.7245 -4.3480 16.693 16.576 15.788 15.332 14.874 28.746 21.843 15.546 15.954 14.974 15.565 15.972 14.989
   10.006778 1.0000000  3.7242 -4.3491 16.700 16.581 15.792 15.335 14.876 28.760 21.853 15.549 15.958 14.976 15.568 15.975 14.991
   10.007521 1.0000000  3.7240 -4.3501 16.706 16.585 15.795 15.338 14.878 28.773 21.863 15.551 15.961 14.979 15.571 15.979 14.994
   10.008178 1.0000000  3.7237 -4.3512 16.713 16.590 15.798 15.340 14.881 28.787 21.873 15.554 15.965 14.981 15.574 15.982 14.996
   10.008830 1.0000000  3.7234 -4.3523 16.719 16.594 15.802 15.343 14.883 28.800 21.884 15.557 15.968 14.983 15.577 15.986 14.998
   10.009564 1.0000000  3.7232 -4.3533 16.725 16.599 15.805 15.346 14.885 28.813 21.894 15.560 15.972 14.986 15.580 15.989 15.001
   10.010218 1.0000000  3.7229 -4.3544 16.732 16.603 15.808 15.349 14.887 28.827 21.904 15.563 15.975 14.988 15.583 15.993 15.003
   10.010859 1.0000000  3.7226 -4.3555 16.738 16.608 15.812 15.351 14.890 28.840 21.914 15.566 15.979 14.990 15.586 15.996 15.005
   10.011600 1.0000000  3.7224 -4.3565 16.744 16.612 15.815 15.354 14.892 28.853 21.924 15.569 15.982 14.993 15.589 16.000 15.008
   10.012248 1.0000000  3.7221 -4.3575 16.750 16.617 15.818 15.357 14.894 28.866 21.934 15.571 15.986 14.995 15.591 16.003 15.010
   10.012893 1.0000000  3.7219 -4.3586 16.756 16.621 15.821 15.359 14.896 28.880 21.944 15.574 15.989 14.997 15.594 16.006 15.012
   10.013623 1.0000000  3.7216 -4.3596 16.762 16.625 15.824 15.362 14.898 28.892 21.953 15.577 15.993 14.999 15.597 16.010 15.014
   10.014266 1.0000000  3.7214 -4.3606 16.768 16.630 15.827 15.364 14.900 28.906 21.963 15.580 15.996 15.002 15.600 16.013 15.017
   10.014906 1.0000000  3.7211 -4.3617 16.775 16.634 15.831 15.367 14.903 28.919 21.973 15.583 16.000 15.004 15.603 16.017 15.019
   10.015637 1.0000000  3.7209 -4.3627 16.781 16.639 15.834 15.370 14.905 28.932 21.983 15.586 16.003 15.006 15.606 16.020 15.021
   10.016273 1.0000000  3.7206 -4.3637 16.787 16.643 15.837 15.372 14.907 28.945 21.993 15.588 16.006 15.008 15.608 16.023 15.023
   10.016922 1.0000000  3.7204 -4.3647 16.793 16.647 15.840 15.375 14.909 28.957 22.002 15.591 16.010 15.011 15.611 16.027 15.026
   10.017639 1.0000000  3.7201 -4.3657 16.799 16.652 15.843 15.378 14.911 28.970 22.012 15.594 16.013 15.013 15.614 16.030 15.028
   10.018281 1.0000000  3.7199 -4.3667 16.805 16.656 15.846 15.380 14.913 28.984 22.022 15.596 16.016 15.015 15.616 16.033 15.030
   10.018906 1.0000000  3.7196 -4.3677 16.810 16.660 15.849 15.383 14.915 28.997 22.032 15.599 16.020 15.017 15.619 16.036 15.032
   10.019635 1.0000000  3.7194 -4.3687 16.816 16.664 15.852 15.385 14.917 29.010 22.042 15.602 16.023 15.019 15.622 16.040 15.034
   10.020271 1.0000000  3.7191 -4.3697 16.822 16.669 15.855 15.388 14.919 29.024 22.052 15.605 16.026 15.022 15.625 16.043 15.037
   10.020902 1.0000000  3.7189 -4.3706 16.828 16.673 15.858 15.390 14.921 29.036 22.061 15.607 16.029 15.024 15.627 16.046 15.039
   10.021616 1.0000000  3.7187 -4.3716 16.834 16.677 15.861 15.392 14.923 29.050 22.071 15.610 16.032 15.026 15.630 16.049 15.041
   10.022250 1.0000000  3.7184 -4.3726 16.839 16.681 15.864 15.395 14.925 29.063 22.081 15.612 16.036 15.028 15.632 16.052 15.043
   10.022880 1.0000000  3.7182 -4.3735 16.845 16.685 15.867 15.397 14.927 29.076 22.090 15.615 16.039 15.030 15.635 16.055 15.045
   10.023602 1.0000000  3.7180 -4.3745 16.851 16.689 15.870 15.400 14.929 29.089 22.100 15.617 16.042 15.032 15.637 16.059 15.047
   10.024221 1.0000000  3.7177 -4.3754 16.856 16.693 15.873 15.402 14.931 29.102 22.110 15.620 16.045 15.034 15.640 16.062 15.049
   10.024853 1.0000000  3.7175 -4.3764 16.862 16.697 15.876 15.405 14.933 29.115 22.120 15.623 16.048 15.036 15.643 16.065 15.051
   10.025559 1.0000000  3.7173 -4.3773 16.868 16.701 15.879 15.407 14.935 29.128 22.129 15.625 16.051 15.038 15.645 16.068 15.053
   10.026189 1.0000000  3.7170 -4.3783 16.873 16.705 15.882 15.409 14.937 29.141 22.139 15.628 16.054 15.040 15.648 16.071 15.055
   10.026811 1.0000000  3.7168 -4.3792 16.879 16.709 15.885 15.412 14.939 29.154 22.148 15.630 16.057 15.042 15.650 16.074 15.057
   10.027439 1.0000000  3.7166 -4.3802 16.885 16.713 15.888 15.414 14.941 29.167 22.158 15.633 16.061 15.044 15.653 16.077 15.059
   10.028148 1.0000000  3.7163 -4.3811 16.890 16.717 15.890 15.416 14.943 29.179 22.167 15.635 16.064 15.046 15.655 16.080 15.061
   10.028767 1.0000000  3.7161 -4.3820 16.895 16.721 15.893 15.419 14.945 29.192 22.177 15.638 16.067 15.048 15.658 16.083 15.063
   10.029383 1.0000000  3.7159 -4.3829 16.901 16.725 15.896 15.421 14.947 29.205 22.186 15.640 16.070 15.050 15.660 16.086 15.065
   10.030084 1.0000000  3.7157 -4.3838 16.906 16.729 15.899 15.423 14.949 29.218 22.195 15.642 16.073 15.052 15.663 16.089 15.067
   10.030707 1.0000000  3.7154 -4.3847 16.912 16.733 15.901 15.425 14.950 29.230 22.204 15.645 16.076 15.054 15.665 16.092 15.069
   10.031327 1.0000000  3.7152 -4.3856 16.917 16.737 15.904 15.428 14.952 29.243 22.214 15.647 16.079 15.056 15.667 16.095 15.071
   10.031948 1.0000000  3.7150 -4.3865 16.922 16.740 15.907 15.430 14.954 29.255 22.223 15.650 16.082 15.058 15.670 16.098 15.073
   10.032641 1.0000000  3.7148 -4.3874 16.928 16.744 15.910 15.432 14.956 29.268 22.232 15.652 16.085 15.060 15.672 16.101 15.075
   10.033260 1.0000000  3.7146 -4.3883 16.933 16.748 15.912 15.435 14.958 29.281 22.242 15.655 16.088 15.062 15.675 16.104 15.077
   10.033861 1.0000000  3.7143 -4.3892 16.938 16.752 15.915 15.437 14.960 29.293 22.250 15.657 16.090 15.064 15.677 16.107 15.079
   10.034570 1.0000000  3.7141 -4.3901 16.944 16.756 15.918 15.439 14.962 29.306 22.260 15.659 16.093 15.066 15.680 16.110 15.081
   10.035179 1.0000000  3.7139 -4.3910 16.949 16.760 15.921 15.441 14.963 29.318 22.269 15.662 16.096 15.068 15.682 16.113 15.083
   10.035791 1.0000000  3.7137 -4.3919 16.954 16.763 15.924 15.444 14.965 29.331 22.278 15.664 16.099 15.070 15.684 16.116 15.085
   10.036396 1.0000000  3.7135 -4.3928 16.960 16.767 15.926 15.446 14.967 29.343 22.287 15.667 16.102 15.072 15.687 16.118 15.087
   10.037007 1.0000000  3.7132 -4.3936 16.965 16.771 15.929 15.448 14.969 29.356 22.296 15.669 16.105 15.074 15.689 16.121 15.088
   10.037705 1.0000000  3.7130 -4.3945 16.970 16.775 15.931 15.450 14.971 29.368 22.305 15.671 16.108 15.076 15.691 16.124 15.090
   10.038302 1.0000000  3.7128 -4.3954 16.975 16.778 15.934 15.452 14.973 29.380 22.314 15.674 16.111 15.078 15.694 16.127 15.092
   10.038913 1.0000000  3.7126 -4.3962 16.980 16.782 15.937 15.455 14.974 29.393 22.323 15.676 16.114 15.079 15.696 16.130 15.094
   10.039521 1.0000000  3.7124 -4.3971 16.985 16.786 15.939 15.457 14.976 29.405 22.332 15.678 16.117 15.081 15.698 16.133 15.096
   10.040129 1.0000000  3.7122 -4.3979 16.990 16.789 15.942 15.459 14.978 29.417 22.341 15.680 16.119 15.083 15.701 16.135 15.098
   10.040808 1.0000000  3.7120 -4.3988 16.996 16.793 15.945 15.461 14.980 29.430 22.350 15.683 16.122 15.085 15.703 16.138 15.100
   10.041412 1.0000000  3.7118 -4.3996 17.001 16.797 15.947 15.463 14.981 29.442 22.358 15.685 16.125 15.087 15.705 16.141 15.101
   10.042012 1.0000000  3.7116 -4.4005 17.006 16.800 15.950 15.465 14.983 29.454 22.367 15.687 16.128 15.089 15.708 16.144 15.103
   10.042614 1.0000000  3.7114 -4.4013 17.011 16.804 15.952 15.467 14.985 29.466 22.376 15.690 16.130 15.090 15.710 16.146 15.105
   10.043217 1.0000000  3.7112 -4.4022 17.016 16.808 15.955 15.470 14.987 29.479 22.385 15.692 16.133 15.092 15.712 16.149 15.107
   10.043903 1.0000000  3.7109 -4.4030 17.021 16.811 15.958 15.472 14.988 29.491 22.394 15.694 16.136 15.094 15.714 16.152 15.109
   10.044504 1.0000000  3.7107 -4.4038 17.026 16.815 15.960 15.474 14.990 29.503 22.403 15.696 16.139 15.096 15.716 16.155 15.111
   10.045088 1.0000000  3.7105 -4.4047 17.031 16.818 15.963 15.476 14.992 29.515 22.411 15.699 16.142 15.098 15.719 16.157 15.113
   10.045692 1.0000000  3.7103 -4.4055 17.036 16.822 15.965 15.478 14.993 29.527 22.420 15.701 16.144 15.100 15.721 16.160 15.114
   10.046284 1.0000000  3.7101 -4.4063 17.041 16.825 15.968 15.480 14.995 29.539 22.429 15.703 16.147 15.101 15.723 16.163 15.116
   10.046882 1.0000000  3.7099 -4.4072 17.046 16.829 15.970 15.482 14.997 29.552 22.438 15.705 16.150 15.103 15.726 16.166 15.118
   10.047561 1.0000000  3.7097 -4.4080 17.051 16.833 15.973 15.484 14.999 29.564 22.446 15.708 16.153 15.105 15.728 16.168 15.120
   10.048160 1.0000000  3.7095 -4.4088 17.056 16.836 15.975 15.486 15.000 29.576 22.455 15.710 16.155 15.107 15.730 16.171 15.121
   10.048749 1.0000000  3.7093 -4.4096 17.061 16.840 15.978 15.488 15.002 29.588 22.464 15.712 16.158 15.109 15.732 16.174 15.123
   10.049335 1.0000000  3.7091 -4.4104 17.065 16.843 15.980 15.490 15.004 29.600 22.472 15.714 16.161 15.110 15.734 16.176 15.125
   10.049926 1.0000000  3.7089 -4.4112 17.070 16.847 15.983 15.492 15.005 29.612 22.481 15.716 16.163 15.112 15.736 16.179 15.127
   10.050518 1.0000000  3.7087 -4.4121 17.075 16.850 15.986 15.495 15.007 29.624 22.489 15.719 16.166 15.114 15.739 16.182 15.129
   10.051103 1.0000000  3.7085 -4.4129 17.080 16.854 15.988 15.497 15.009 29.636 22.498 15.721 16.169 15.116 15.741 16.184 15.130
   10.051806 1.0000000  3.7083 -4.4137 17.085 16.857 15.991 15.499 15.010 29.648 22.506 15.723 16.171 15.118 15.743 16.187 15.132
   10.052389 1.0000000  3.7081 -4.4145 17.090 16.861 15.993 15.501 15.012 29.660 22.515 15.725 16.174 15.119 15.745 16.190 15.134
   10.052970 1.0000000  3.7079 -4.4153 17.095 16.864 15.995 15.503 15.014 29.672 22.524 15.727 16.177 15.121 15.747 16.192 15.136
   10.053561 1.0000000  3.7077 -4.4161 17.099 16.868 15.998 15.505 15.015 29.684 22.532 15.729 16.179 15.123 15.750 16.195 15.137
   10.054144 1.0000000  3.7075 -4.4169 17.104 16.871 16.000 15.507 15.017 29.696 22.541 15.732 16.182 15.125 15.752 16.198 15.139
   10.054730 1.0000000  3.7073 -4.4177 17.109 16.875 16.003 15.509 15.019 29.708 22.549 15.734 16.185 15.126 15.754 16.200 15.141
   10.055312 1.0000000  3.7071 -4.4185 17.114 16.878 16.005 15.511 15.020 29.720 22.558 15.736 16.187 15.128 15.756 16.203 15.143
   10.056002 1.0000000  3.7070 -4.4193 17.119 16.882 16.008 15.513 15.022 29.732 22.566 15.738 16.190 15.130 15.758 16.205 15.144
   10.056587 1.0000000  3.7068 -4.4200 17.123 16.885 16.010 15.515 15.023 29.744 22.574 15.740 16.192 15.131 15.760 16.208 15.146
   10.057158 1.0000000  3.7066 -4.4208 17.128 16.888 16.012 15.517 15.025 29.756 22.583 15.742 16.195 15.133 15.762 16.210 15.148
   10.057734 1.0000000  3.7064 -4.4216 17.133 16.892 16.015 15.519 15.027 29.767 22.591 15.744 16.198 15.135 15.764 16.213 15.149
   10.058312 1.0000000  3.7062 -4.4224 17.138 16.895 16.017 15.521 15.028 29.780 22.600 15.746 16.200 15.137 15.767 16.216 15.151
   10.058892 1.0000000  3.7060 -4.4232 17.142 16.899 16.020 15.523 15.030 29.792 22.608 15.749 16.203 15.138 15.769 16.218 15.153
   10.059486 1.0000000  3.7058 -4.4240 17.147 16.902 16.022 15.525 15.032 29.803 22.617 15.751 16.206 15.140 15.771 16.221 15.154
   10.060048 1.0000000  3.7056 -4.4247 17.151 16.905 16.024 15.527 15.033 29.815 22.625 15.753 16.208 15.142 15.773 16.223 15.156
   10.060636 1.0000000  3.7054 -4.4255 17.156 16.909 16.027 15.529 15.035 29.827 22.633 15.755 16.211 15.143 15.775 16.226 15.158
   10.061275 1.0000000  3.7052 -4.4263 17.161 16.912 16.029 15.531 15.037 29.839 22.641 15.757 16.213 15.145 15.777 16.228 15.159
   10.061845 1.0000000  3.7050 -4.4271 17.166 16.915 16.032 15.533 15.038 29.851 22.650 15.759 16.216 15.147 15.779 16.231 15.161
   10.062416 1.0000000  3.7048 -4.4279 17.170 16.919 16.034 15.535 15.040 29.863 22.658 15.761 16.218 15.149 15.781 16.234 15.163
   10.062996 1.0000000  3.7047 -4.4286 17.175 16.922 16.036 15.537 15.041 29.875 22.666 15.763 16.221 15.150 15.783 16.236 15.164
   10.063572 1.0000000  3.7045 -4.4294 17.180 16.926 16.039 15.539 15.043 29.887 22.675 15.765 16.223 15.152 15.785 16.239 15.166
   10.064181 1.0000000  3.7043 -4.4302 17.184 16.929 16.041 15.541 15.045 29.899 22.683 15.767 16.226 15.154 15.788 16.241 15.168
   10.064754 1.0000000  3.7041 -4.4309 17.189 16.932 16.044 15.542 15.046 29.910 22.692 15.769 16.228 15.155 15.789 16.244 15.170
   10.065328 1.0000000  3.7039 -4.4317 17.194 16.936 16.046 15.544 15.048 29.922 22.700 15.772 16.231 15.157 15.792 16.246 15.171
   10.065894 1.0000000  3.7037 -4.4325 17.198 16.939 16.049 15.547 15.049 29.934 22.709 15.774 16.234 15.159 15.794 16.249 15.173
   10.066458 1.0000000  3.7035 -4.4332 17.203 16.942 16.051 15.548 15.051 29.946 22.717 15.776 16.236 15.160 15.796 16.251 15.175
   10.067053 1.0000000  3.7033 -4.4340 17.208 16.946 16.053 15.550 15.053 29.958 22.725 15.778 16.239 15.162 15.798 16.254 15.176
   10.067624 1.0000000  3.7031 -4.4348 17.212 16.949 16.056 15.552 15.054 29.970 22.733 15.780 16.241 15.164 15.800 16.256 15.178
   10.068191 1.0000000  3.7030 -4.4355 17.217 16.952 16.058 15.554 15.056 29.982 22.742 15.782 16.244 15.165 15.802 16.259 15.180
   10.068759 1.0000000  3.7028 -4.4363 17.222 16.956 16.060 15.556 15.057 29.994 22.750 15.784 16.246 15.167 15.804 16.261 15.181
   10.069349 1.0000000  3.7026 -4.4371 17.226 16.959 16.063 15.558 15.059 30.006 22.759 15.786 16.249 15.169 15.806 16.264 15.183
   10.069913 1.0000000  3.7024 -4.4378 17.231 16.962 16.065 15.560 15.060 30.018 22.767 15.788 16.251 15.170 15.808 16.266 15.185
   10.070467 1.0000000  3.7022 -4.4386 17.235 16.966 16.067 15.562 15.062 30.030 22.775 15.790 16.254 15.172 15.810 16.269 15.186
   10.071062 1.0000000  3.7020 -4.4394 17.240 16.969 16.070 15.564 15.064 30.042 22.784 15.792 16.257 15.174 15.812 16.272 15.188
   10.071625 1.0000000  3.7018 -4.4401 17.245 16.972 16.072 15.566 15.065 30.054 22.792 15.794 16.259 15.175 15.814 16.274 15.190
   10.072239 1.0000000  3.7016 -4.4409 17.249 16.976 16.074 15.568 15.067 30.066 22.800 15.796 16.262 15.177 15.816 16.277 15.191
   10.072801 1.0000000  3.7015 -4.4417 17.254 16.979 16.077 15.570 15.068 30.078 22.809 15.799 16.264 15.179 15.819 16.279 15.193
   10.073435 1.0000000  3.7013 -4.4424 17.259 16.982 16.079 15.572 15.070 30.090 22.817 15.800 16.267 15.180 15.820 16.282 15.195
   10.073981 1.0000000  3.7011 -4.4432 17.263 16.986 16.082 15.574 15.072 30.102 22.825 15.803 16.269 15.182 15.823 16.284 15.196
   10.074619 1.0000000  3.7009 -4.4439 17.268 16.989 16.084 15.575 15.073 30.114 22.834 15.804 16.272 15.184 15.825 16.287 15.198
   10.075183 1.0000000  3.7007 -4.4447 17.272 16.992 16.086 15.578 15.075 30.127 22.842 15.807 16.274 15.185 15.827 16.289 15.200
   10.075727 1.0000000  3.7005 -4.4455 17.277 16.996 16.089 15.580 15.076 30.139 22.851 15.809 16.277 15.187 15.829 16.292 15.201
   10.076375 1.0000000  3.7003 -4.4462 17.282 16.999 16.091 15.581 15.078 30.151 22.859 15.811 16.279 15.189 15.831 16.294 15.203
   10.076929 1.0000000  3.7001 -4.4470 17.286 17.002 16.093 15.583 15.079 30.163 22.868 15.813 16.282 15.191 15.833 16.297 15.205
   10.077478 1.0000000  3.7000 -4.4478 17.291 17.006 16.096 15.585 15.081 30.176 22.876 15.815 16.285 15.192 15.835 16.299 15.206
   10.078044 1.0000000  3.6998 -4.4485 17.296 17.009 16.098 15.587 15.083 30.187 22.884 15.817 16.287 15.194 15.837 16.302 15.208
   10.078594 1.0000000  3.6996 -4.4493 17.300 17.012 16.101 15.589 15.084 30.200 22.893 15.819 16.290 15.196 15.839 16.304 15.210
   10.079133 1.0000000  3.6994 -4.4501 17.305 17.016 16.103 15.591 15.086 30.212 22.902 15.821 16.292 15.197 15.841 16.307 15.211
   10.079693 1.0000000  3.6992 -4.4508 17.310 17.019 16.105 15.593 15.087 30.225 22.910 15.823 16.295 15.199 15.843 16.309 15.213
   10.080242 1.0000000  3.6990 -4.4516 17.314 17.023 16.108 15.595 15.089 30.237 22.919 15.825 16.297 15.201 15.845 16.312 15.215
   10.080792 1.0000000  3.6988 -4.4524 17.319 17.026 16.110 15.597 15.091 30.253 22.927 15.827 16.300 15.202 15.847 16.315 15.216
   10.081348 1.0000000  3.6987 -4.4531 17.324 17.029 16.112 15.599 15.092 30.271 22.935 15.829 16.302 15.204 15.849 16.317 15.218
   10.081892 1.0000000  3.6985 -4.4539 17.328 17.033 16.115 15.601 15.094 30.289 22.943 15.831 16.305 15.206 15.851 16.319 15.220
   10.082447 1.0000000  3.6983 -4.4546 17.333 17.036 16.117 15.603 15.095 30.307 22.951 15.833 16.307 15.207 15.853 16.322 15.221
   10.082994 1.0000000  3.6981 -4.4554 17.338 17.039 16.119 15.605 15.097 30.325 22.959 15.835 16.310 15.209 15.855 16.324 15.223
   10.083533 1.0000000  3.6979 -4.4562 17.342 17.043 16.122 15.607 15.099 30.343 22.968 15.838 16.312 15.211 15.858 16.327 15.225
   10.084072 1.0000000  3.6977 -4.4570 17.347 17.046 16.124 15.609 15.100 30.362 22.976 15.840 16.315 15.212 15.860 16.330 15.226
   10.084626 1.0000000  3.6975 -4.4577 17.352 17.049 16.126 15.611 15.102 30.380 22.984 15.842 16.317 15.214 15.862 16.332 15.228
   10.085169 1.0000000  3.6973 -4.4585 17.356 17.053 16.129 15.613 15.103 30.399 22.993 15.844 16.320 15.216 15.864 16.335 15.230
   10.085712 1.0000000  3.6971 -4.4593 17.361 17.056 16.131 15.615 15.105 30.418 23.001 15.846 16.323 15.217 15.866 16.337 15.231
   10.086266 1.0000000  3.6970 -4.4601 17.366 17.060 16.134 15.617 15.107 30.437 23.010 15.848 16.325 15.219 15.868 16.340 15.233
   10.086798 1.0000000  3.6968 -4.4608 17.371 17.063 16.136 15.618 15.108 30.456 23.018 15.850 16.328 15.221 15.870 16.342 15.235
   10.087354 1.0000000  3.6966 -4.4616 17.375 17.066 16.138 15.620 15.110 30.476 23.026 15.852 16.330 15.222 15.872 16.345 15.236
   10.087882 1.0000000  3.6964 -4.4624 17.380 17.070 16.141 15.622 15.111 30.496 23.035 15.854 16.333 15.224 15.874 16.347 15.238
   10.088419 1.0000000  3.6962 -4.4632 17.385 17.073 16.143 15.624 15.113 30.515 23.043 15.856 16.335 15.226 15.876 16.350 15.240
   10.088965 1.0000000  3.6960 -4.4640 17.390 17.077 16.146 15.626 15.115 30.535 23.052 15.858 16.338 15.228 15.878 16.353 15.242
   10.089503 1.0000000  3.6958 -4.4648 17.395 17.080 16.148 15.628 15.116 30.556 23.061 15.861 16.341 15.229 15.881 16.355 15.243
   10.090045 1.0000000  3.6956 -4.4655 17.399 17.083 16.150 15.630 15.118 30.576 23.069 15.863 16.343 15.231 15.883 16.358 15.245
   10.090580 1.0000000  3.6954 -4.4663 17.404 17.087 16.153 15.632 15.120 30.596 23.077 15.865 16.346 15.233 15.885 16.360 15.247
   10.091122 1.0000000  3.6952 -4.4671 17.409 17.090 16.155 15.634 15.121 30.617 23.086 15.867 16.348 15.234 15.887 16.363 15.248
   10.091658 1.0000000  3.6950 -4.4679 17.414 17.094 16.158 15.636 15.123 30.637 23.094 15.869 16.351 15.236 15.889 16.365 15.250
   10.092189 1.0000000  3.6948 -4.4687 17.419 17.097 16.160 15.638 15.125 30.658 23.103 15.871 16.354 15.238 15.891 16.368 15.252
   10.092724 1.0000000  3.6946 -4.4695 17.424 17.101 16.163 15.640 15.126 30.680 23.112 15.873 16.356 15.240 15.893 16.371 15.254
   10.093259 1.0000000  3.6944 -4.4703 17.429 17.104 16.165 15.642 15.128 30.700 23.120 15.875 16.359 15.241 15.895 16.373 15.255
   10.093792 1.0000000  3.6942 -4.4711 17.434 17.108 16.168 15.644 15.130 30.722 23.129 15.878 16.361 15.243 15.898 16.376 15.257
   10.094328 1.0000000  3.6940 -4.4719 17.439 17.111 16.170 15.646 15.131 30.744 23.138 15.880 16.364 15.245 15.900 16.378 15.259
   10.094865 1.0000000  3.6938 -4.4728 17.444 17.115 16.173 15.649 15.133 30.766 23.147 15.882 16.367 15.247 15.902 16.381 15.261
   10.095392 1.0000000  3.6936 -4.4736 17.449 17.119 16.175 15.651 15.135 30.789 23.156 15.884 16.370 15.249 15.904 16.384 15.262
   10.095929 1.0000000  3.6934 -4.4744 17.454 17.122 16.178 15.653 15.136 30.811 23.165 15.886 16.372 15.250 15.906 16.387 15.264
   10.096459 1.0000000  3.6932 -4.4752 17.459 17.126 16.180 15.655 15.138 30.833 23.173 15.888 16.375 15.252 15.908 16.389 15.266
   10.096981 1.0000000  3.6930 -4.4760 17.464 17.129 16.183 15.657 15.140 30.856 23.182 15.891 16.378 15.254 15.911 16.392 15.268
   10.097513 1.0000000  3.6928 -4.4768 17.469 17.133 16.185 15.659 15.141 30.878 23.191 15.893 16.380 15.255 15.913 16.395 15.269
   10.098038 1.0000000  3.6926 -4.4777 17.474 17.137 16.188 15.661 15.143 30.901 23.200 15.895 16.383 15.257 15.915 16.397 15.271
   10.098569 1.0000000  3.6924 -4.4785 17.479 17.140 16.191 15.663 15.145 30.925 23.209 15.897 16.386 15.259 15.917 16.400 15.273
   10.099101 1.0000000  3.6922 -4.4793 17.484 17.144 16.193 15.665 15.147 30.948 23.218 15.899 16.388 15.261 15.919 16.403 15.275
   10.099635 1.0000000  3.6920 -4.4802 17.489 17.148 16.196 15.667 15.148 30.973 23.228 15.902 16.391 15.263 15.922 16.406 15.277
   10.100151 1.0000000  3.6918 -4.4810 17.494 17.151 16.198 15.669 15.150 30.997 23.237 15.904 16.394 15.265 15.924 16.408 15.278
   10.100682 1.0000000  3.6916 -4.4818 17.499 17.155 16.201 15.671 15.152 31.020 23.245 15.906 16.397 15.266 15.926 16.411 15.280
   10.101201 1.0000000  3.6914 -4.4827 17.505 17.159 16.203 15.674 15.154 31.045 23.255 15.909 16.400 15.268 15.929 16.414 15.282
   10.101726 1.0000000  3.6912 -4.4835 17.510 17.162 16.206 15.676 15.155 31.070 23.264 15.911 16.402 15.270 15.931 16.416 15.284
   10.102242 1.0000000  3.6910 -4.4844 17.515 17.166 16.209 15.678 15.157 31.095 23.274 15.913 16.405 15.272 15.933 16.419 15.286
   10.102778 1.0000000  3.6908 -4.4852 17.520 17.170 16.211 15.680 15.159 31.120 23.283 15.915 16.408 15.274 15.935 16.422 15.288
   10.103288 1.0000000  3.6905 -4.4861 17.526 17.174 16.214 15.682 15.161 31.146 23.292 15.918 16.411 15.276 15.938 16.425 15.290
   10.103818 1.0000000  3.6903 -4.4869 17.531 17.177 16.216 15.684 15.162 31.171 23.301 15.920 16.413 15.277 15.940 16.428 15.291
   10.104344 1.0000000  3.6901 -4.4878 17.537 17.181 16.219 15.687 15.164 31.198 23.311 15.922 16.416 15.279 15.942 16.431 15.293
   10.104859 1.0000000  3.6899 -4.4886 17.542 17.185 16.222 15.689 15.166 31.224 23.320 15.924 16.419 15.281 15.944 16.433 15.295
   10.105384 1.0000000  3.6897 -4.4895 17.547 17.189 16.224 15.691 15.168 31.250 23.330 15.927 16.422 15.283 15.947 16.436 15.297
   10.105899 1.0000000  3.6895 -4.4903 17.552 17.193 16.227 15.693 15.169 31.276 23.339 15.929 16.425 15.285 15.949 16.439 15.299
   10.106419 1.0000000  3.6893 -4.4912 17.558 17.196 16.230 15.695 15.171 31.302 23.348 15.931 16.428 15.287 15.951 16.442 15.301
   10.106934 1.0000000  3.6891 -4.4921 17.563 17.200 16.232 15.697 15.173 31.328 23.358 15.934 16.430 15.289 15.954 16.445 15.303
   10.107441 1.0000000  3.6888 -4.4929 17.568 17.204 16.235 15.699 15.175 31.356 23.367 15.936 16.433 15.290 15.956 16.447 15.304
   10.107962 1.0000000  3.6886 -4.4938 17.574 17.208 16.238 15.702 15.177 31.383 23.377 15.938 16.436 15.292 15.958 16.450 15.306
   10.108490 1.0000000  3.6884 -4.4947 17.579 17.212 16.241 15.704 15.179 31.411 23.387 15.941 16.439 15.294 15.961 16.453 15.308
   10.109000 1.0000000  3.6882 -4.4955 17.584 17.215 16.243 15.706 15.180 31.437 23.396 15.943 16.442 15.296 15.963 16.456 15.310
   10.109528 1.0000000  3.6880 -4.4964 17.590 17.219 16.246 15.708 15.182 31.466 23.406 15.945 16.445 15.298 15.965 16.459 15.312
   10.110034 1.0000000  3.6878 -4.4973 17.596 17.223 16.249 15.711 15.184 31.494 23.416 15.948 16.448 15.300 15.968 16.462 15.314
   10.110544 1.0000000  3.6875 -4.4982 17.601 17.227 16.251 15.713 15.186 31.523 23.425 15.950 16.451 15.302 15.970 16.465 15.316
   10.111057 1.0000000  3.6873 -4.4991 17.607 17.231 16.254 15.715 15.188 31.552 23.435 15.952 16.454 15.304 15.972 16.468 15.318
   10.111568 1.0000000  3.6871 -4.5000 17.612 17.235 16.257 15.717 15.190 31.581 23.445 15.955 16.456 15.306 15.975 16.471 15.320
   10.112081 1.0000000  3.6869 -4.5009 17.618 17.239 16.260 15.720 15.191 31.610 23.455 15.957 16.459 15.308 15.977 16.473 15.322
   10.112587 1.0000000  3.6867 -4.5018 17.623 17.243 16.262 15.722 15.193 31.640 23.465 15.960 16.462 15.310 15.980 16.476 15.324
   10.113103 1.0000000  3.6864 -4.5027 17.629 17.247 16.265 15.724 15.195 31.670 23.475 15.962 16.465 15.312 15.982 16.479 15.326
   10.113615 1.0000000  3.6862 -4.5036 17.635 17.251 16.268 15.727 15.197 31.701 23.485 15.964 16.468 15.314 15.984 16.482 15.327
   10.114129 1.0000000  3.6860 -4.5045 17.640 17.255 16.271 15.729 15.199 31.731 23.495 15.967 16.471 15.315 15.987 16.485 15.329
   10.114638 1.0000000  3.6858 -4.5054 17.646 17.259 16.274 15.731 15.201 31.762 23.505 15.969 16.474 15.317 15.989 16.488 15.331
   10.115140 1.0000000  3.6855 -4.5064 17.652 17.264 16.277 15.734 15.203 31.793 23.516 15.972 16.477 15.320 15.992 16.491 15.334
   10.115645 1.0000000  3.6853 -4.5073 17.658 17.268 16.279 15.736 15.205 31.825 23.526 15.974 16.480 15.322 15.994 16.494 15.335
   10.116161 1.0000000  3.6851 -4.5082 17.663 17.272 16.282 15.738 15.207 31.857 23.536 15.977 16.483 15.323 15.997 16.497 15.337
   10.116660 1.0000000  3.6848 -4.5092 17.669 17.276 16.285 15.741 15.209 31.889 23.547 15.979 16.487 15.326 15.999 16.501 15.340
   10.117169 1.0000000  3.6846 -4.5101 17.675 17.280 16.288 15.743 15.211 31.922 23.557 15.982 16.490 15.328 16.002 16.504 15.342
   10.117672 1.0000000  3.6844 -4.5110 17.681 17.284 16.291 15.745 15.212 31.954 23.567 15.984 16.493 15.330 16.004 16.507 15.343
   10.118174 1.0000000  3.6841 -4.5120 17.687 17.289 16.294 15.748 15.214 31.988 23.578 15.987 16.496 15.332 16.007 16.510 15.346
   10.118688 1.0000000  3.6839 -4.5129 17.693 17.293 16.297 15.750 15.216 32.021 23.588 15.989 16.499 15.334 16.009 16.513 15.348
   10.119192 1.0000000  3.6837 -4.5139 17.699 17.297 16.300 15.753 15.218 32.055 23.599 15.992 16.502 15.336 16.012 16.516 15.350
   10.119696 1.0000000  3.6834 -4.5149 17.705 17.301 16.303 15.755 15.220 32.090 23.610 15.995 16.505 15.338 16.014 16.519 15.352
   10.120188 1.0000000  3.6832 -4.5158 17.711 17.306 16.306 15.757 15.222 32.124 23.621 15.997 16.508 15.340 16.017 16.522 15.354
   10.120690 1.0000000  3.6829 -4.5168 17.717 17.310 16.309 15.760 15.224 32.159 23.631 16.000 16.512 15.342 16.020 16.526 15.356
   10.121187 1.0000000  3.6827 -4.5178 17.723 17.314 16.312 15.762 15.227 32.194 23.642 16.002 16.515 15.344 16.022 16.529 15.358
   10.121698 1.0000000  3.6824 -4.5188 17.730 17.319 16.315 15.765 15.229 32.231 23.654 16.005 16.518 15.346 16.025 16.532 15.360
   10.122196 1.0000000  3.6822 -4.5198 17.736 17.323 16.318 15.767 15.231 32.266 23.664 16.008 16.521 15.349 16.028 16.535 15.363
   10.122699 1.0000000  3.6820 -4.5208 17.742 17.328 16.321 15.770 15.233 32.303 23.676 16.010 16.525 15.351 16.030 16.539 15.365
   10.123198 1.0000000  3.6817 -4.5218 17.748 17.332 16.324 15.772 15.235 32.339 23.686 16.013 16.528 15.353 16.033 16.542 15.367
   10.123695 1.0000000  3.6815 -4.5228 17.755 17.337 16.327 15.775 15.237 32.376 23.698 16.016 16.531 15.355 16.035 16.545 15.369
   10.124195 1.0000000  3.6812 -4.5237 17.761 17.341 16.330 15.777 15.239 32.412 23.708 16.018 16.534 15.357 16.038 16.548 15.371
   10.124697 1.0000000  3.6811 -4.5244 17.765 17.344 16.332 15.779 15.240 32.436 23.716 16.020 16.537 15.359 16.040 16.550 15.373
   10.125183 1.0000000  3.6809 -4.5250 17.769 17.346 16.334 15.781 15.241 32.459 23.722 16.021 16.539 15.360 16.041 16.552 15.374
   10.125679 1.0000000  3.6808 -4.5256 17.772 17.349 16.336 15.782 15.243 32.483 23.729 16.023 16.541 15.361 16.043 16.554 15.375
   10.126176 1.0000000  3.6806 -4.5263 17.777 17.352 16.338 15.784 15.244 32.508 23.737 16.025 16.543 15.363 16.045 16.557 15.377
   10.126671 1.0000000  3.6804 -4.5269 17.781 17.355 16.340 15.785 15.245 32.532 23.744 16.026 16.545 15.364 16.046 16.559 15.378
   10.127169 1.0000000  3.6803 -4.5276 17.785 17.358 16.342 15.787 15.247 32.556 23.751 16.028 16.547 15.365 16.048 16.561 15.379
   10.127666 1.0000000  3.6801 -4.5282 17.789 17.361 16.344 15.789 15.248 32.580 23.758 16.030 16.549 15.367 16.050 16.563 15.381
   10.128145 1.0000000  3.6800 -4.5289 17.793 17.364 16.346 15.790 15.250 32.605 23.765 16.032 16.551 15.368 16.052 16.565 15.382
   10.128649 1.0000000  3.6798 -4.5295 17.797 17.367 16.348 15.792 15.251 32.631 23.773 16.033 16.553 15.370 16.053 16.567 15.384
   10.129145 1.0000000  3.6796 -4.5302 17.801 17.370 16.350 15.794 15.252 32.656 23.780 16.035 16.556 15.371 16.055 16.569 15.385
   10.129633 1.0000000  3.6795 -4.5308 17.805 17.372 16.352 15.795 15.254 32.681 23.787 16.037 16.558 15.372 16.057 16.571 15.386
   10.130122 1.0000000  3.6793 -4.5315 17.809 17.375 16.354 15.797 15.255 32.708 23.795 16.039 16.560 15.374 16.059 16.574 15.388
   10.130610 1.0000000  3.6791 -4.5322 17.814 17.378 16.356 15.799 15.256 32.733 23.802 16.041 16.562 15.375 16.060 16.576 15.389
   10.131095 1.0000000  3.6790 -4.5329 17.818 17.382 16.359 15.801 15.258 32.760 23.810 16.042 16.564 15.377 16.062 16.578 15.391
   10.131590 1.0000000  3.6788 -4.5335 17.822 17.384 16.360 15.802 15.259 32.787 23.818 16.044 16.566 15.378 16.064 16.580 15.392
   10.132081 1.0000000  3.6787 -4.5342 17.826 17.387 16.363 15.804 15.261 32.812 23.825 16.046 16.569 15.380 16.066 16.583 15.394
   10.132572 1.0000000  3.6785 -4.5349 17.831 17.391 16.365 15.806 15.262 32.839 23.833 16.048 16.571 15.381 16.068 16.585 15.395
   10.133060 1.0000000  3.6783 -4.5356 17.835 17.394 16.367 15.807 15.264 32.867 23.840 16.050 16.573 15.383 16.070 16.587 15.397
   10.133543 1.0000000  3.6781 -4.5363 17.840 17.397 16.369 15.809 15.265 32.895 23.848 16.051 16.576 15.384 16.071 16.589 15.398
   10.134035 1.0000000  3.6780 -4.5370 17.844 17.400 16.371 15.811 15.266 32.923 23.856 16.053 16.578 15.386 16.073 16.592 15.400
   10.134517 1.0000000  3.6778 -4.5377 17.848 17.403 16.373 15.813 15.268 32.950 23.864 16.055 16.580 15.387 16.075 16.594 15.401
   10.135003 1.0000000  3.6776 -4.5384 17.853 17.406 16.376 15.814 15.269 32.979 23.872 16.057 16.582 15.389 16.077 16.596 15.403
   10.135483 1.0000000  3.6774 -4.5391 17.857 17.409 16.378 15.816 15.271 33.007 23.880 16.059 16.585 15.390 16.079 16.599 15.404
   10.135974 1.0000000  3.6773 -4.5398 17.862 17.413 16.380 15.818 15.272 33.036 23.888 16.061 16.587 15.392 16.081 16.601 15.406
   10.136442 1.0000000  3.6771 -4.5406 17.866 17.416 16.382 15.820 15.274 33.066 23.896 16.063 16.590 15.393 16.083 16.603 15.408
   10.136941 1.0000000  3.6769 -4.5413 17.871 17.419 16.385 15.822 15.275 33.096 23.904 16.065 16.592 15.395 16.085 16.606 15.409
   10.137424 1.0000000  3.6767 -4.5420 17.875 17.422 16.387 15.823 15.277 33.125 23.912 16.067 16.594 15.396 16.087 16.608 15.411
   10.137908 1.0000000  3.6765 -4.5428 17.880 17.426 16.389 15.825 15.279 33.153 23.921 16.069 16.597 15.398 16.089 16.611 15.412
   10.138387 1.0000000  3.6764 -4.5435 17.884 17.429 16.391 15.827 15.280 33.179 23.928 16.070 16.599 15.400 16.090 16.613 15.414
   10.138872 1.0000000  3.6762 -4.5443 17.889 17.432 16.394 15.829 15.282 33.207 23.937 16.073 16.602 15.401 16.092 16.615 15.415
   10.139353 1.0000000  3.6760 -4.5450 17.894 17.435 16.396 15.831 15.283 33.234 23.945 16.074 16.604 15.403 16.094 16.618 15.417
   10.139830 1.0000000  3.6758 -4.5458 17.898 17.439 16.398 15.833 15.285 33.262 23.953 16.076 16.606 15.404 16.096 16.620 15.419
   10.140309 1.0000000  3.6756 -4.5465 17.903 17.442 16.400 15.834 15.286 33.290 23.962 16.078 16.609 15.406 16.098 16.622 15.420
   10.140788 1.0000000  3.6754 -4.5473 17.908 17.445 16.403 15.836 15.287 33.318 23.970 16.080 16.611 15.408 16.100 16.625 15.422
   10.141263 1.0000000  3.6752 -4.5481 17.912 17.449 16.405 15.838 15.289 33.347 23.979 16.082 16.614 15.409 16.102 16.627 15.423
   10.141737 1.0000000  3.6750 -4.5489 17.917 17.452 16.407 15.840 15.291 33.375 23.987 16.084 16.616 15.411 16.104 16.630 15.425
   10.142224 1.0000000  3.6748 -4.5497 17.922 17.456 16.410 15.842 15.292 33.405 23.996 16.086 16.619 15.413 16.106 16.632 15.427
   10.142691 1.0000000  3.6746 -4.5505 17.927 17.459 16.412 15.844 15.294 33.435 24.005 16.088 16.621 15.414 16.108 16.635 15.428
   10.143179 1.0000000  3.6745 -4.5513 17.932 17.462 16.414 15.846 15.295 33.464 24.014 16.090 16.624 15.416 16.110 16.637 15.430
   10.143653 1.0000000  3.6742 -4.5521 17.937 17.466 16.417 15.848 15.297 33.494 24.022 16.092 16.626 15.418 16.112 16.640 15.432
   10.144130 1.0000000  3.6740 -4.5529 17.942 17.469 16.419 15.850 15.299 33.526 24.032 16.094 16.629 15.419 16.114 16.642 15.433
   10.144606 1.0000000  3.6738 -4.5537 17.947 17.473 16.422 15.852 15.300 33.556 24.040 16.096 16.631 15.421 16.116 16.645 15.435
   10.145077 1.0000000  3.6736 -4.5546 17.952 17.477 16.424 15.854 15.302 33.588 24.050 16.099 16.634 15.423 16.119 16.648 15.437
   10.145551 1.0000000  3.6734 -4.5554 17.957 17.480 16.427 15.856 15.304 33.620 24.059 16.101 16.637 15.424 16.121 16.650 15.438
   10.146027 1.0000000  3.6732 -4.5563 17.962 17.484 16.429 15.858 15.305 33.652 24.069 16.103 16.639 15.426 16.123 16.653 15.440
   10.146494 1.0000000  3.6730 -4.5571 17.967 17.488 16.432 15.860 15.307 33.684 24.078 16.105 16.642 15.428 16.125 16.655 15.442
   10.146972 1.0000000  3.6728 -4.5580 17.973 17.491 16.434 15.862 15.309 33.716 24.087 16.107 16.645 15.430 16.127 16.658 15.444
   10.147436 1.0000000  3.6726 -4.5589 17.978 17.495 16.437 15.864 15.311 33.750 24.097 16.110 16.648 15.432 16.130 16.661 15.446
   10.147907 1.0000000  3.6723 -4.5598 17.983 17.499 16.440 15.866 15.312 33.784 24.107 16.112 16.650 15.434 16.132 16.664 15.448
   10.148382 1.0000000  3.6721 -4.5607 17.989 17.503 16.442 15.869 15.314 33.818 24.117 16.114 16.653 15.436 16.134 16.667 15.449
   10.148857 1.0000000  3.6709 -4.5657 18.020 17.525 16.457 15.881 15.324 34.012 24.172 16.127 16.669 15.446 16.147 16.682 15.460
   10.149327 1.0000000  3.6695 -4.5713 18.054 17.549 16.473 15.894 15.335 34.232 24.234 16.141 16.686 15.457 16.161 16.700 15.471
   10.149798 1.0000000  3.6681 -4.5769 18.088 17.573 16.490 15.907 15.346 34.453 24.296 16.155 16.704 15.469 16.175 16.717 15.482
   10.150262 1.0000000  3.6667 -4.5824 18.121 17.596 16.506 15.920 15.356 34.676 24.357 16.168 16.721 15.480 16.188 16.734 15.494
   10.150730 1.0000000  3.6653 -4.5879 18.154 17.620 16.522 15.933 15.367 34.901 24.418 16.182 16.738 15.491 16.202 16.750 15.505
   10.151196 1.0000000  3.6640 -4.5934 18.187 17.643 16.538 15.946 15.378 35.127 24.478 16.195 16.755 15.502 16.215 16.767 15.516
   10.151665 1.0000000  3.6627 -4.5984 18.217 17.664 16.552 15.957 15.387 35.335 24.533 16.208 16.770 15.512 16.227 16.782 15.526
   10.152130 1.0000000  3.6623 -4.5999 18.226 17.671 16.556 15.961 15.390 35.399 24.550 16.211 16.775 15.515 16.231 16.787 15.528
   10.152594 1.0000000  3.6620 -4.6014 18.236 17.677 16.561 15.964 15.393 35.463 24.567 16.215 16.779 15.518 16.235 16.791 15.531
   10.153066 1.0000000  3.6616 -4.6029 18.245 17.684 16.565 15.968 15.396 35.527 24.583 16.218 16.784 15.521 16.238 16.796 15.534
   10.153528 1.0000000  3.6612 -4.6045 18.254 17.690 16.570 15.972 15.399 35.593 24.600 16.222 16.788 15.525 16.242 16.801 15.538
   10.153996 1.0000000  3.6608 -4.6060 18.263 17.697 16.574 15.975 15.401 35.659 24.617 16.226 16.793 15.528 16.246 16.805 15.541
   10.154462 1.0000000  3.6604 -4.6076 18.273 17.703 16.579 15.979 15.405 35.726 24.635 16.230 16.798 15.531 16.250 16.810 15.544
   10.154930 1.0000000  3.6600 -4.6092 18.282 17.710 16.583 15.982 15.408 35.794 24.652 16.234 16.803 15.534 16.254 16.815 15.547
   10.155391 1.0000000  3.6596 -4.6108 18.292 17.717 16.588 15.986 15.411 35.863 24.670 16.238 16.808 15.537 16.257 16.819 15.550
   10.155848 1.0000000  3.6592 -4.6124 18.301 17.724 16.592 15.990 15.414 35.932 24.687 16.241 16.812 15.540 16.261 16.824 15.553
   10.156310 1.0000000  3.6588 -4.6140 18.311 17.730 16.597 15.993 15.417 36.002 24.705 16.245 16.817 15.543 16.265 16.829 15.556
   10.156774 1.0000000  3.6584 -4.6157 18.321 17.737 16.602 15.997 15.420 36.074 24.723 16.249 16.822 15.547 16.269 16.834 15.560
   10.157232 1.0000000  3.6580 -4.6173 18.330 17.744 16.606 16.001 15.423 36.146 24.741 16.253 16.827 15.550 16.273 16.839 15.563
   10.157694 1.0000000  3.6576 -4.6190 18.340 17.751 16.611 16.005 15.426 36.218 24.760 16.257 16.832 15.553 16.277 16.844 15.566
   10.158157 1.0000000  3.6572 -4.6206 18.350 17.758 16.615 16.008 15.429 36.292 24.778 16.261 16.837 15.557 16.281 16.849 15.569
   10.158621 1.0000000  3.6568 -4.6223 18.360 17.765 16.620 16.012 15.432 36.366 24.796 16.265 16.842 15.560 16.285 16.854 15.572
   10.159083 1.0000000  3.6563 -4.6240 18.370 17.772 16.625 16.016 15.435 36.441 24.815 16.269 16.847 15.563 16.289 16.859 15.576
   10.159535 1.0000000  3.6559 -4.6257 18.381 17.780 16.630 16.020 15.438 36.518 24.834 16.273 16.852 15.567 16.293 16.864 15.579
   10.159994 1.0000000  3.6555 -4.6275 18.391 17.787 16.635 16.024 15.442 36.596 24.853 16.277 16.858 15.570 16.297 16.869 15.583
   10.160449 1.0000000  3.6551 -4.6292 18.401 17.794 16.640 16.028 15.445 36.673 24.872 16.281 16.863 15.573 16.301 16.874 15.586
   10.160910 1.0000000  3.6546 -4.6310 18.412 17.802 16.645 16.032 15.448 36.753 24.892 16.286 16.868 15.577 16.305 16.879 15.589
   10.161366 1.0000000  3.6542 -4.6328 18.422 17.809 16.650 16.036 15.452 36.833 24.911 16.290 16.873 15.581 16.310 16.884 15.593
   10.161814 1.0000000  3.6537 -4.6346 18.433 17.817 16.655 16.040 15.455 36.913 24.931 16.294 16.879 15.584 16.314 16.890 15.596
   10.162276 1.0000000  3.6533 -4.6364 18.444 17.824 16.660 16.044 15.458 36.995 24.951 16.298 16.884 15.588 16.318 16.895 15.600
   10.162729 1.0000000  3.6528 -4.6382 18.454 17.832 16.665 16.048 15.462 37.072 24.970 16.302 16.889 15.591 16.322 16.900 15.603
   10.163189 1.0000000  3.6524 -4.6401 18.465 17.839 16.670 16.052 15.465 37.149 24.990 16.307 16.895 15.595 16.327 16.906 15.607
   10.163642 1.0000000  3.6519 -4.6420 18.476 17.847 16.675 16.056 15.469 37.226 25.010 16.311 16.900 15.598 16.331 16.911 15.611
   10.164099 1.0000000  3.6514 -4.6439 18.487 17.855 16.681 16.061 15.472 37.303 25.030 16.316 16.906 15.602 16.336 16.917 15.614
   10.164548 1.0000000  3.6509 -4.6458 18.498 17.863 16.686 16.065 15.476 37.381 25.050 16.320 16.911 15.606 16.340 16.922 15.618
   10.165004 1.0000000  3.6504 -4.6478 18.510 17.871 16.691 16.069 15.479 37.461 25.071 16.325 16.917 15.610 16.345 16.928 15.622
   10.165457 1.0000000  3.6500 -4.6497 18.521 17.879 16.696 16.073 15.483 37.541 25.091 16.329 16.923 15.613 16.349 16.933 15.625
   10.165913 1.0000000  3.6495 -4.6517 18.532 17.887 16.702 16.078 15.487 37.621 25.112 16.334 16.928 15.617 16.354 16.939 15.629
   10.166366 1.0000000  3.6490 -4.6537 18.544 17.895 16.707 16.082 15.490 37.703 25.132 16.338 16.934 15.621 16.358 16.945 15.633
   10.166810 1.0000000  3.6485 -4.6557 18.555 17.903 16.713 16.087 15.494 37.785 25.153 16.343 16.940 15.625 16.363 16.950 15.637
   10.167262 1.0000000  3.6479 -4.6578 18.567 17.911 16.719 16.091 15.498 37.868 25.175 16.348 16.946 15.629 16.368 16.956 15.641
   10.167715 1.0000000  3.6474 -4.6598 18.579 17.920 16.724 16.096 15.501 37.953 25.196 16.352 16.951 15.632 16.372 16.962 15.644
   10.168157 1.0000000  3.6469 -4.6619 18.591 17.928 16.730 16.100 15.505 38.036 25.217 16.357 16.957 15.636 16.377 16.968 15.648
   10.168610 1.0000000  3.6464 -4.6640 18.603 17.937 16.735 16.105 15.509 38.123 25.239 16.362 16.963 15.640 16.382 16.974 15.652
   10.169065 1.0000000  3.6459 -4.6662 18.615 17.945 16.741 16.109 15.513 38.209 25.261 16.367 16.970 15.645 16.387 16.980 15.657
   10.169511 1.0000000  3.6453 -4.6683 18.627 17.954 16.747 16.114 15.517 38.296 25.283 16.372 16.976 15.649 16.392 16.986 15.660
   10.169960 1.0000000  3.6448 -4.6705 18.639 17.963 16.753 16.119 15.521 38.384 25.306 16.377 16.982 15.653 16.397 16.992 15.665
   10.170410 1.0000000  3.6442 -4.6727 18.652 17.971 16.759 16.123 15.525 38.473 25.328 16.382 16.988 15.657 16.402 16.998 15.669
   10.170860 1.0000000  3.6437 -4.6749 18.664 17.980 16.765 16.128 15.529 38.563 25.351 16.387 16.994 15.661 16.407 17.004 15.673
   10.171305 1.0000000  3.6431 -4.6771 18.677 17.989 16.771 16.133 15.532 38.654 25.373 16.392 17.000 15.665 16.411 17.011 15.677
   10.171750 1.0000000  3.6425 -4.6795 18.690 17.999 16.777 16.138 15.537 38.749 25.397 16.397 17.007 15.670 16.417 17.017 15.681
   10.172190 1.0000000  3.6420 -4.6818 18.703 18.008 16.783 16.143 15.541 38.843 25.421 16.402 17.013 15.674 16.422 17.024 15.686
   10.172636 1.0000000  3.6414 -4.6841 18.716 18.017 16.789 16.148 15.545 38.937 25.444 16.407 17.020 15.678 16.427 17.030 15.690
   10.173079 1.0000000  3.6408 -4.6865 18.729 18.026 16.796 16.153 15.549 39.034 25.469 16.413 17.026 15.683 16.432 17.037 15.694
   10.173525 1.0000000  3.6402 -4.6889 18.743 18.036 16.802 16.158 15.554 39.130 25.493 16.418 17.033 15.687 16.438 17.043 15.699
   10.173963 1.0000000  3.6396 -4.6913 18.756 18.045 16.808 16.163 15.558 39.229 25.517 16.423 17.040 15.691 16.443 17.050 15.703
   10.174409 1.0000000  3.6390 -4.6938 18.770 18.055 16.815 16.168 15.562 39.329 25.542 16.429 17.046 15.696 16.449 17.057 15.708
   10.174854 1.0000000  3.6384 -4.6963 18.784 18.065 16.821 16.174 15.567 39.428 25.567 16.434 17.053 15.701 16.454 17.063 15.712
   10.175300 1.0000000  3.6377 -4.6988 18.798 18.075 16.828 16.179 15.571 39.530 25.592 16.440 17.060 15.705 16.460 17.070 15.717
   10.175745 1.0000000  3.6371 -4.7013 18.811 18.085 16.834 16.184 15.575 39.631 25.617 16.445 17.067 15.710 16.465 17.077 15.722
   10.176182 1.0000000  3.6365 -4.7038 18.825 18.094 16.841 16.189 15.580 39.734 25.642 16.451 17.074 15.714 16.471 17.084 15.726
   10.176629 1.0000000  3.6358 -4.7064 18.840 18.105 16.848 16.195 15.584 39.838 25.668 16.456 17.081 15.719 16.476 17.091 15.731
   10.177066 1.0000000  3.6352 -4.7090 18.854 18.115 16.854 16.200 15.589 39.943 25.693 16.462 17.088 15.724 16.482 17.098 15.736
   10.177503 1.0000000  3.6345 -4.7116 18.868 18.125 16.861 16.205 15.593 40.048 25.719 16.468 17.095 15.728 16.487 17.105 15.740
   10.177955 1.0000000  3.6339 -4.7143 18.883 18.135 16.868 16.211 15.598 40.155 25.745 16.473 17.102 15.733 16.493 17.112 15.745
   10.178380 1.0000000  3.6332 -4.7170 18.898 18.146 16.875 16.217 15.603 40.264 25.772 16.479 17.109 15.738 16.499 17.119 15.750
   10.178823 1.0000000  3.6325 -4.7197 18.912 18.156 16.882 16.222 15.607 40.375 25.799 16.485 17.116 15.743 16.505 17.126 15.755
   10.179253 1.0000000  3.6318 -4.7225 18.928 18.167 16.889 16.228 15.612 40.488 25.826 16.491 17.124 15.748 16.511 17.134 15.760
   10.179691 1.0000000  3.6311 -4.7254 18.943 18.178 16.897 16.234 15.617 40.601 25.854 16.497 17.131 15.753 16.517 17.141 15.765
   10.180140 1.0000000  3.6304 -4.7282 18.958 18.189 16.904 16.239 15.622 40.716 25.881 16.503 17.139 15.758 16.523 17.149 15.770
   10.180575 1.0000000  3.6297 -4.7311 18.974 18.200 16.911 16.245 15.627 40.831 25.909 16.509 17.146 15.763 16.529 17.156 15.775
   10.181012 1.0000000  3.6290 -4.7340 18.990 18.211 16.918 16.251 15.632 40.948 25.937 16.515 17.154 15.768 16.535 17.164 15.780
   10.181448 1.0000000  3.6282 -4.7369 19.005 18.222 16.926 16.257 15.637 41.059 25.965 16.522 17.162 15.773 16.541 17.172 15.785
   10.181887 1.0000000  3.6275 -4.7398 19.021 18.233 16.933 16.263 15.642 41.146 25.993 16.528 17.169 15.779 16.548 17.179 15.791
   10.182327 1.0000000  3.6268 -4.7428 19.036 18.244 16.940 16.269 15.647 41.232 26.021 16.534 17.177 15.784 16.554 17.187 15.796
   10.182753 1.0000000  3.6260 -4.7458 19.052 18.255 16.948 16.275 15.652 41.317 26.050 16.540 17.185 15.789 16.560 17.195 15.801
   10.183189 1.0000000  3.6253 -4.7488 19.068 18.266 16.955 16.281 15.657 41.400 26.078 16.547 17.192 15.795 16.566 17.202 15.807
   10.183624 1.0000000  3.6245 -4.7519 19.083 18.278 16.963 16.287 15.663 41.482 26.106 16.553 17.200 15.800 16.573 17.210 15.812
   10.184059 1.0000000  3.6237 -4.7550 19.099 18.289 16.971 16.293 15.668 41.564 26.135 16.559 17.208 15.806 16.579 17.218 15.817
   10.184489 1.0000000  3.6230 -4.7580 19.115 18.300 16.978 16.299 15.673 41.643 26.164 16.566 17.216 15.811 16.585 17.226 15.823
   10.184917 1.0000000  3.6222 -4.7610 19.130 18.311 16.985 16.305 15.678 41.717 26.191 16.572 17.223 15.816 16.592 17.233 15.828
   10.185352 1.0000000  3.6215 -4.7641 19.146 18.323 16.993 16.311 15.683 41.792 26.219 16.578 17.231 15.822 16.598 17.241 15.833
   10.185791 1.0000000  3.6207 -4.7671 19.162 18.334 17.000 16.317 15.688 41.864 26.247 16.584 17.239 15.827 16.604 17.248 15.839
   10.186220 1.0000000  3.6199 -4.7702 19.177 18.345 17.008 16.323 15.694 41.936 26.276 16.591 17.246 15.832 16.610 17.256 15.844
   10.186656 1.0000000  3.6191 -4.7734 19.193 18.356 17.015 16.329 15.699 42.007 26.305 16.597 17.254 15.838 16.617 17.264 15.850
   10.187081 1.0000000  3.6184 -4.7765 19.209 18.368 17.023 16.335 15.704 42.076 26.333 16.603 17.262 15.843 16.623 17.272 15.855
   10.187513 1.0000000  3.6176 -4.7797 19.225 18.379 17.031 16.341 15.709 42.143 26.362 16.610 17.270 15.849 16.630 17.280 15.860
   10.187947 1.0000000  3.6168 -4.7830 19.241 18.391 17.038 16.347 15.715 42.210 26.391 16.617 17.278 15.854 16.636 17.288 15.866
   10.188374 1.0000000  3.6159 -4.7863 19.258 18.403 17.046 16.354 15.721 42.275 26.421 16.623 17.286 15.860 16.643 17.296 15.872
   10.188806 1.0000000  3.6151 -4.7896 19.274 18.415 17.054 16.360 15.726 42.338 26.451 16.630 17.294 15.866 16.650 17.304 15.877
   10.189228 1.0000000  3.6143 -4.7930 19.291 18.427 17.062 16.366 15.732 42.400 26.481 16.637 17.302 15.872 16.656 17.312 15.883
   10.189652 1.0000000  3.6134 -4.7964 19.307 18.438 17.070 16.373 15.737 42.459 26.510 16.643 17.311 15.878 16.663 17.320 15.889
   10.190086 1.0000000  3.6125 -4.8000 19.325 18.451 17.078 16.380 15.743 42.520 26.542 16.650 17.319 15.884 16.670 17.329 15.895
   10.190511 1.0000000  3.6115 -4.8041 19.345 18.466 17.088 16.387 15.750 42.587 26.579 16.658 17.329 15.891 16.678 17.338 15.902
   10.190937 1.0000000  3.6105 -4.8083 19.365 18.480 17.098 16.395 15.757 42.649 26.615 16.667 17.339 15.898 16.687 17.348 15.909
   10.191371 1.0000000  3.6094 -4.8125 19.385 18.495 17.107 16.403 15.764 42.710 26.651 16.675 17.349 15.905 16.695 17.358 15.916
   10.191782 1.0000000  3.6083 -4.8167 19.406 18.509 17.117 16.411 15.770 42.766 26.688 16.683 17.359 15.912 16.703 17.368 15.923
   10.192214 1.0000000  3.6073 -4.8210 19.426 18.524 17.127 16.418 15.777 42.820 26.724 16.691 17.369 15.919 16.711 17.378 15.931
   10.192638 1.0000000  3.6062 -4.8253 19.446 18.539 17.137 16.426 15.784 42.870 26.761 16.700 17.379 15.926 16.719 17.388 15.938
   10.193065 1.0000000  3.6051 -4.8297 19.467 18.553 17.147 16.434 15.792 42.916 26.798 16.708 17.389 15.934 16.728 17.398 15.945
   10.193493 1.0000000  3.6040 -4.8341 19.487 18.568 17.157 16.442 15.799 42.959 26.835 16.716 17.399 15.941 16.736 17.408 15.952
   10.193915 1.0000000  3.6029 -4.8385 19.508 18.583 17.166 16.450 15.806 42.998 26.872 16.725 17.409 15.948 16.744 17.418 15.960
   10.194344 1.0000000  3.6018 -4.8429 19.528 18.598 17.176 16.458 15.813 43.042 26.909 16.733 17.419 15.956 16.753 17.428 15.967
   10.194764 1.0000000  3.6008 -4.8469 19.547 18.611 17.185 16.465 15.819 43.114 26.942 16.741 17.428 15.963 16.761 17.437 15.974
   10.195188 1.0000000  3.5998 -4.8510 19.566 18.625 17.194 16.473 15.826 43.185 26.976 16.749 17.438 15.970 16.768 17.446 15.981
   10.195606 1.0000000  3.5987 -4.8552 19.585 18.639 17.204 16.480 15.833 43.258 27.011 16.757 17.447 15.977 16.776 17.456 15.988
   10.196028 1.0000000  3.5977 -4.8594 19.604 18.653 17.213 16.488 15.840 43.332 27.045 16.765 17.457 15.984 16.785 17.465 15.995
   10.196450 1.0000000  3.5966 -4.8636 19.623 18.667 17.222 16.495 15.847 43.405 27.080 16.773 17.466 15.991 16.793 17.475 16.002
   10.196866 1.0000000  3.5956 -4.8679 19.642 18.681 17.232 16.503 15.855 43.479 27.115 16.781 17.476 15.999 16.801 17.484 16.010
   10.197294 1.0000000  3.5945 -4.8723 19.662 18.695 17.241 16.511 15.862 43.553 27.150 16.790 17.485 16.006 16.809 17.494 16.017
   10.197715 1.0000000  3.5934 -4.8766 19.681 18.709 17.251 16.519 15.869 43.628 27.185 16.798 17.495 16.013 16.817 17.504 16.024
   10.198132 1.0000000  3.5923 -4.8811 19.701 18.723 17.260 16.527 15.877 43.703 27.220 16.806 17.505 16.021 16.826 17.514 16.032
   10.198549 1.0000000  3.5911 -4.8856 19.720 18.738 17.270 16.535 15.884 43.779 27.256 16.815 17.515 16.029 16.834 17.523 16.040
   10.198977 1.0000000  3.5899 -4.8908 19.743 18.754 17.281 16.544 15.893 43.866 27.297 16.825 17.526 16.038 16.844 17.535 16.049
   10.199391 1.0000000  3.5885 -4.8961 19.766 18.771 17.293 16.553 15.902 43.954 27.338 16.835 17.538 16.047 16.854 17.546 16.058
   10.199809 1.0000000  3.5872 -4.9014 19.789 18.788 17.304 16.562 15.911 44.042 27.380 16.845 17.549 16.056 16.864 17.558 16.067
   10.200231 1.0000000  3.5859 -4.9068 19.812 18.805 17.315 16.572 15.920 44.131 27.421 16.855 17.561 16.065 16.874 17.569 16.076
   10.200651 1.0000000  3.5845 -4.9122 19.835 18.822 17.327 16.581 15.929 44.220 27.463 16.865 17.572 16.074 16.884 17.580 16.085
   10.201063 1.0000000  3.5831 -4.9177 19.858 18.839 17.338 16.591 15.939 44.309 27.505 16.875 17.584 16.084 16.894 17.592 16.095
   10.201473 1.0000000  3.5817 -4.9233 19.881 18.856 17.350 16.600 15.948 44.399 27.547 16.885 17.596 16.093 16.904 17.604 16.104
   10.201889 1.0000000  3.5803 -4.9289 19.904 18.873 17.361 16.610 15.958 44.489 27.589 16.896 17.607 16.103 16.914 17.615 16.114
   10.202311 1.0000000  3.5790 -4.9343 19.926 18.890 17.372 16.619 15.967 44.574 27.629 16.906 17.619 16.112 16.924 17.627 16.123
   10.202727 1.0000000  3.5777 -4.9395 19.948 18.905 17.383 16.628 15.976 44.656 27.667 16.915 17.629 16.121 16.934 17.637 16.132
   10.203135 1.0000000  3.5764 -4.9448 19.969 18.921 17.394 16.637 15.985 44.739 27.706 16.925 17.640 16.130 16.943 17.648 16.141
   10.203548 1.0000000  3.5751 -4.9501 19.990 18.937 17.404 16.646 15.994 44.822 27.744 16.934 17.651 16.139 16.953 17.659 16.150
   10.203975 1.0000000  3.5737 -4.9555 20.012 18.953 17.415 16.655 16.003 44.905 27.783 16.944 17.662 16.148 16.963 17.670 16.159
   10.204384 1.0000000  3.5723 -4.9610 20.034 18.969 17.426 16.664 16.013 44.990 27.824 16.954 17.673 16.158 16.973 17.681 16.169
   10.204797 1.0000000  3.5709 -4.9666 20.056 18.986 17.437 16.674 16.023 45.074 27.864 16.965 17.684 16.168 16.983 17.692 16.179
   10.205215 1.0000000  3.5696 -4.9722 20.079 19.002 17.448 16.683 16.033 45.159 27.904 16.975 17.695 16.178 16.993 17.703 16.189
   10.205621 1.0000000  3.5681 -4.9779 20.102 19.019 17.460 16.693 16.043 45.245 27.945 16.986 17.707 16.188 17.004 17.714 16.199
   10.206041 1.0000000  3.5665 -4.9844 20.127 19.037 17.472 16.704 16.055 45.343 27.992 16.998 17.719 16.199 17.016 17.727 16.210
   10.206454 1.0000000  3.5648 -4.9911 20.154 19.056 17.485 16.715 16.067 45.440 28.039 17.010 17.732 16.211 17.028 17.740 16.222
   10.206859 1.0000000  3.5632 -4.9977 20.179 19.075 17.498 16.726 16.079 45.538 28.085 17.022 17.745 16.223 17.040 17.753 16.234
   10.207269 1.0000000  3.5615 -5.0045 20.206 19.094 17.511 16.737 16.092 45.636 28.132 17.035 17.758 16.235 17.052 17.766 16.246
   10.207684 1.0000000  3.5598 -5.0113 20.232 19.113 17.524 16.748 16.105 45.733 28.179 17.047 17.771 16.248 17.065 17.778 16.259
   10.208087 1.0000000  3.5581 -5.0181 20.258 19.132 17.536 16.759 16.117 45.830 28.226 17.059 17.784 16.260 17.077 17.791 16.271
   10.208497 1.0000000  3.5564 -5.0250 20.284 19.150 17.549 16.771 16.130 45.927 28.273 17.072 17.797 16.273 17.090 17.804 16.283
   10.208903 1.0000000  3.5547 -5.0316 20.308 19.168 17.561 16.781 16.143 46.020 28.318 17.084 17.809 16.285 17.101 17.816 16.295
   10.209319 1.0000000  3.5530 -5.0384 20.334 19.186 17.574 16.792 16.156 46.113 28.363 17.096 17.822 16.297 17.114 17.829 16.308
   10.209726 1.0000000  3.5513 -5.0451 20.358 19.204 17.586 16.803 16.169 46.206 28.407 17.109 17.834 16.309 17.126 17.841 16.320
   10.210138 1.0000000  3.5496 -5.0520 20.384 19.223 17.598 16.814 16.182 46.299 28.453 17.121 17.846 16.322 17.138 17.853 16.333
   10.210543 1.0000000  3.5479 -5.0589 20.409 19.241 17.610 16.825 16.196 46.392 28.498 17.134 17.859 16.335 17.151 17.866 16.345
   10.210950 1.0000000  3.5461 -5.0659 20.434 19.259 17.623 16.836 16.209 46.485 28.543 17.146 17.871 16.348 17.163 17.878 16.358
   10.211359 1.0000000  3.5444 -5.0730 20.459 19.277 17.635 16.847 16.223 46.577 28.589 17.159 17.883 16.361 17.176 17.890 16.371
   10.211769 1.0000000  3.5426 -5.0802 20.485 19.295 17.648 16.859 16.238 46.672 28.635 17.172 17.896 16.375 17.189 17.903 16.385
   10.212174 1.0000000  3.5407 -5.0876 20.511 19.315 17.661 16.871 16.254 46.767 28.682 17.186 17.909 16.390 17.203 17.916 16.400
   10.212587 1.0000000  3.5389 -5.0949 20.537 19.333 17.673 16.883 16.269 46.862 28.729 17.200 17.922 16.404 17.217 17.929 16.414
   10.212986 1.0000000  3.5370 -5.1024 20.563 19.352 17.686 16.895 16.286 46.957 28.776 17.214 17.935 16.419 17.231 17.942 16.429
   10.213392 1.0000000  3.5352 -5.1099 20.589 19.371 17.699 16.907 16.302 47.052 28.823 17.228 17.948 16.434 17.245 17.955 16.444
   10.213789 1.0000000  3.5333 -5.1174 20.615 19.390 17.712 16.919 16.319 47.146 28.869 17.242 17.961 16.449 17.259 17.967 16.459
   10.214192 1.0000000  3.5314 -5.1251 20.641 19.409 17.725 16.932 16.336 47.240 28.916 17.257 17.974 16.465 17.273 17.981 16.475
   10.214609 1.0000000  3.5294 -5.1329 20.668 19.428 17.738 16.944 16.354 47.335 28.964 17.272 17.987 16.481 17.288 17.994 16.491
   10.215008 1.0000000  3.5274 -5.1407 20.694 19.447 17.751 16.957 16.372 47.430 29.011 17.287 18.000 16.497 17.303 18.006 16.508
   10.215412 1.0000000  3.5255 -5.1487 20.720 19.467 17.765 16.970 16.390 47.524 29.059 17.302 18.013 16.514 17.318 18.020 16.524
   10.215817 1.0000000  3.5235 -5.1566 20.746 19.486 17.778 16.983 16.409 47.618 29.106 17.317 18.026 16.530 17.333 18.033 16.541
   10.216211 1.0000000  3.5215 -5.1647 20.773 19.505 17.791 16.996 16.428 47.711 29.154 17.333 18.039 16.547 17.348 18.046 16.558
   10.216616 1.0000000  3.5195 -5.1728 20.799 19.524 17.804 17.009 16.448 47.804 29.201 17.348 18.052 16.565 17.364 18.059 16.576
   10.217023 1.0000000  3.5174 -5.1810 20.825 19.543 17.817 17.022 16.468 47.897 29.248 17.364 18.065 16.582 17.379 18.072 16.594
   10.217427 1.0000000  3.5153 -5.1892 20.851 19.562 17.830 17.035 16.488 47.990 29.296 17.380 18.078 16.600 17.395 18.085 16.612
   10.217823 1.0000000  3.5133 -5.1976 20.877 19.582 17.843 17.048 16.509 48.082 29.343 17.396 18.091 16.619 17.411 18.098 16.630
   10.218232 1.0000000  3.5112 -5.2060 20.904 19.601 17.856 17.062 16.530 48.175 29.390 17.413 18.104 16.637 17.428 18.111 16.649
   10.218625 1.0000000  3.5090 -5.2144 20.930 19.620 17.870 17.076 16.552 48.268 29.437 17.429 18.117 16.656 17.444 18.124 16.668
   10.219028 1.0000000  3.5069 -5.2229 20.957 19.640 17.883 17.090 16.574 48.361 29.484 17.446 18.131 16.675 17.461 18.138 16.687
   10.219429 1.0000000  3.5048 -5.2315 20.983 19.659 17.896 17.104 16.597 48.453 29.531 17.463 18.144 16.695 17.478 18.151 16.707
   10.219825 1.0000000  3.5026 -5.2403 21.010 19.679 17.910 17.119 16.621 48.546 29.578 17.481 18.158 16.715 17.496 18.165 16.728
   10.220221 1.0000000  3.5004 -5.2490 21.037 19.698 17.923 17.133 16.645 48.639 29.625 17.498 18.171 16.735 17.513 18.178 16.748
   10.220621 1.0000000  3.4982 -5.2579 21.064 19.718 17.937 17.148 16.670 48.731 29.672 17.516 18.185 16.756 17.531 18.192 16.769
   10.221021 1.0000000  3.4960 -5.2668 21.090 19.737 17.950 17.163 16.695 48.823 29.718 17.534 18.198 16.777 17.549 18.205 16.790
   10.221421 1.0000000  3.4937 -5.2757 21.117 19.757 17.964 17.178 16.720 48.914 29.765 17.553 18.212 16.799 17.567 18.218 16.812
   10.221817 1.0000000  3.4915 -5.2847 21.143 19.776 17.977 17.193 16.746 49.004 29.811 17.571 18.225 16.820 17.585 18.232 16.834
   10.222209 1.0000000  3.4892 -5.2938 21.170 19.795 17.991 17.208 16.773 49.095 29.857 17.590 18.239 16.842 17.604 18.245 16.856
   10.222612 1.0000000  3.4869 -5.3030 21.197 19.815 18.004 17.224 16.800 49.185 29.903 17.609 18.253 16.865 17.623 18.259 16.879
   10.223010 1.0000000  3.4846 -5.3122 21.223 19.834 18.018 17.240 16.827 49.273 29.948 17.628 18.266 16.888 17.642 18.273 16.902
   10.223402 1.0000000  3.4823 -5.3214 21.249 19.853 18.031 17.255 16.855 49.361 29.993 17.647 18.280 16.911 17.661 18.286 16.925
   10.223796 1.0000000  3.4800 -5.3307 21.276 19.873 18.044 17.271 16.884 49.449 30.038 17.666 18.293 16.934 17.680 18.299 16.949
